recording,sub,condition,snr,unit,gt_unit,roa_calib,sil_calib,cov_isi_calib
sub-01_FDSI_staircase_snr30dB,sub-01,staircase,30,0,28,0.9850746268656716,0.9970595836639404,0.1637867093086242
sub-01_FDSI_staircase_snr30dB,sub-01,staircase,30,1,38,1.0,0.9914084076881408,0.1708285510540008
sub-01_FDSI_staircase_snr30dB,sub-01,staircase,30,2,7,0.9647058823529412,0.9535117149353028,0.2351876497268676
sub-01_FDSI_staircase_snr30dB,sub-01,staircase,30,3,37,1.0,0.9861741662025452,0.1897754818201065
sub-01_FDSI_staircase_snr30dB,sub-01,staircase,30,4,31,1.0,0.9743189811706544,0.1573191583156585
sub-01_FDSI_staircase_snr30dB,sub-01,staircase,30,5,35,1.0,0.9782953858375548,0.1579947024583816
sub-01_FDSI_staircase_snr30dB,sub-01,staircase,30,6,34,1.0,0.9775012135505676,0.1579558551311493
sub-01_FDSI_staircase_snr30dB,sub-01,staircase,30,7,36,1.0,0.9841036200523376,0.1551232635974884
sub-01_FDSI_staircase_snr30dB,sub-01,staircase,30,8,24,1.0,0.9656230807304382,0.1539079993963241
sub-01_FDSI_staircase_snr30dB,sub-01,staircase,30,9,30,1.0,0.9797648787498474,0.1735316216945648
sub-01_FDSI_staircase_snr30dB,sub-01,staircase,30,10,33,1.0,0.9815686345100404,0.2002074867486953
sub-01_FDSI_staircase_snr30dB,sub-01,staircase,30,11,32,1.0,0.9742451906204224,0.179667979478836
sub-01_FDSI_staircase_snr30dB,sub-01,staircase,30,12,22,0.9324324324324323,0.9591960906982422,0.2854624092578888
sub-01_FDSI_staircase_snr30dB,sub-01,staircase,30,13,29,0.984126984126984,0.9691055417060852,0.2081830352544784
sub-01_FDSI_staircase_snr25dB,sub-01,staircase,25,0,28,0.9850746268656716,0.9863378405570984,0.1637867093086242
sub-01_FDSI_staircase_snr25dB,sub-01,staircase,25,1,38,1.0,0.9821289777755736,0.1708285510540008
sub-01_FDSI_staircase_snr25dB,sub-01,staircase,25,2,37,1.0,0.9778810739517212,0.1897754818201065
sub-01_FDSI_staircase_snr25dB,sub-01,staircase,25,3,31,0.967741935483871,0.9743870496749878,0.1973159611225128
sub-01_FDSI_staircase_snr25dB,sub-01,staircase,25,4,24,0.9722222222222222,0.9561260938644408,0.2694785892963409
sub-01_FDSI_staircase_snr25dB,sub-01,staircase,25,5,34,1.0,0.9688968658447266,0.1579558551311493
sub-01_FDSI_staircase_snr25dB,sub-01,staircase,25,6,30,1.0,0.9784897565841676,0.1735316216945648
sub-01_FDSI_staircase_snr25dB,sub-01,staircase,25,7,36,1.0,0.9760804176330566,0.1551232635974884
sub-01_FDSI_staircase_snr25dB,sub-01,staircase,25,8,33,1.0,0.969097137451172,0.2002074867486953
sub-01_FDSI_staircase_snr25dB,sub-01,staircase,25,9,32,1.0,0.9840369820594788,0.179667979478836
sub-01_FDSI_staircase_snr25dB,sub-01,staircase,25,10,35,0.9629629629629628,0.9668518900871276,0.2644173204898834
sub-01_FDSI_staircase_snr25dB,sub-01,staircase,25,11,29,0.9206349206349206,0.9424657225608826,0.3278209269046783
sub-01_FDSI_staircase_snr20dB,sub-01,staircase,20,0,28,0.9850746268656716,0.995388686656952,0.1637867093086242
sub-01_FDSI_staircase_snr20dB,sub-01,staircase,20,1,38,1.0,0.9746854901313782,0.1708285510540008
sub-01_FDSI_staircase_snr20dB,sub-01,staircase,20,2,36,1.0,0.9791884422302246,0.1551232635974884
sub-01_FDSI_staircase_snr20dB,sub-01,staircase,20,3,37,0.9791666666666666,0.9710708260536194,0.2034081220626831
sub-01_FDSI_staircase_snr20dB,sub-01,staircase,20,4,34,0.9821428571428572,0.9541832804679872,0.2206318527460098
sub-01_FDSI_staircase_snr20dB,sub-01,staircase,20,5,32,1.0,0.9718053340911864,0.179667979478836
sub-01_FDSI_staircase_snr15dB,sub-01,staircase,15,0,28,0.9850746268656716,0.9935151934623718,0.1637867093086242
sub-01_FDSI_staircase_snr15dB,sub-01,staircase,15,1,38,1.0,0.9687820076942444,0.1708285510540008
sub-01_FDSI_staircase_snr15dB,sub-01,staircase,15,2,36,0.9803921568627452,0.9773130416870116,0.1839241087436676
sub-01_FDSI_staircase_snr15dB,sub-01,staircase,15,3,34,0.9285714285714286,0.9516764879226683,0.2875489890575409
sub-01_FDSI_staircase_snr15dB,sub-01,staircase,15,4,32,0.9516129032258064,0.9640241861343384,0.2814183533191681
sub-01_FDSI_triangular-ramp40s_snr30dB,sub-01,triangular-ramp40s,30,0,28,1.0,0.9963219165802002,0.1702585220336914
sub-01_FDSI_triangular-ramp40s_snr30dB,sub-01,triangular-ramp40s,30,1,32,1.0,0.983637809753418,0.1769318729639053
sub-01_FDSI_triangular-ramp40s_snr30dB,sub-01,triangular-ramp40s,30,2,30,1.0,0.9832141399383544,0.1497610658407211
sub-01_FDSI_triangular-ramp40s_snr30dB,sub-01,triangular-ramp40s,30,3,37,1.0,0.981194019317627,0.1274335235357284
sub-01_FDSI_triangular-ramp40s_snr30dB,sub-01,triangular-ramp40s,30,4,34,0.9821428571428572,0.9851101040840148,0.1667109280824661
sub-01_FDSI_triangular-ramp40s_snr30dB,sub-01,triangular-ramp40s,30,5,35,1.0,0.970255434513092,0.1841188371181488
sub-01_FDSI_triangular-ramp40s_snr30dB,sub-01,triangular-ramp40s,30,6,24,0.9855072463768116,0.973272442817688,0.2427135705947876
sub-01_FDSI_triangular-ramp40s_snr30dB,sub-01,triangular-ramp40s,30,7,38,1.0,0.9897900223731996,0.1335918307304382
sub-01_FDSI_triangular-ramp40s_snr30dB,sub-01,triangular-ramp40s,30,8,33,1.0,0.9719454646110536,0.1570462584495544
sub-01_FDSI_triangular-ramp40s_snr30dB,sub-01,triangular-ramp40s,30,9,36,1.0,0.9861973524093628,0.1546981632709503
sub-01_FDSI_triangular-ramp40s_snr30dB,sub-01,triangular-ramp40s,30,10,29,0.9682539682539684,0.9685702919960022,0.2246454209089279
sub-01_FDSI_triangular-ramp40s_snr30dB,sub-01,triangular-ramp40s,30,11,31,1.0,0.9673845171928406,0.1639124602079391
sub-01_FDSI_triangular-ramp40s_snr30dB,sub-01,triangular-ramp40s,30,12,22,0.9333333333333332,0.9692713618278505,0.2756029069423675
sub-01_FDSI_triangular-ramp40s_snr30dB,sub-01,triangular-ramp40s,30,13,7,0.902439024390244,0.9560980200767516,0.3161185681819916
sub-01_FDSI_triangular-ramp40s_snr25dB,sub-01,triangular-ramp40s,25,0,28,1.0,0.9964037537574768,0.1702585220336914
sub-01_FDSI_triangular-ramp40s_snr25dB,sub-01,triangular-ramp40s,25,1,32,1.0,0.9823797345161438,0.1769318729639053
sub-01_FDSI_triangular-ramp40s_snr25dB,sub-01,triangular-ramp40s,25,2,37,1.0,0.9848602414131165,0.1274335235357284
sub-01_FDSI_triangular-ramp40s_snr25dB,sub-01,triangular-ramp40s,25,3,24,0.927536231884058,0.9710389971733092,0.3250347375869751
sub-01_FDSI_triangular-ramp40s_snr25dB,sub-01,triangular-ramp40s,25,4,34,0.9642857142857144,0.9844173192977904,0.1767206043004989
sub-01_FDSI_triangular-ramp40s_snr25dB,sub-01,triangular-ramp40s,25,5,38,1.0,0.991703987121582,0.1335918307304382
sub-01_FDSI_triangular-ramp40s_snr25dB,sub-01,triangular-ramp40s,25,6,29,0.9523809523809524,0.9633579254150392,0.2484009861946106
sub-01_FDSI_triangular-ramp40s_snr25dB,sub-01,triangular-ramp40s,25,7,30,1.0,0.9779635071754456,0.1497610658407211
sub-01_FDSI_triangular-ramp40s_snr25dB,sub-01,triangular-ramp40s,25,8,36,1.0,0.9843004941940308,0.1546981632709503
sub-01_FDSI_triangular-ramp40s_snr25dB,sub-01,triangular-ramp40s,25,9,35,0.9803921568627452,0.9484013915061952,0.2109375447034835
sub-01_FDSI_triangular-ramp40s_snr25dB,sub-01,triangular-ramp40s,25,10,31,0.9830508474576272,0.9570711851119996,0.2172914892435073
sub-01_FDSI_triangular-ramp40s_snr25dB,sub-01,triangular-ramp40s,25,11,33,0.9821428571428572,0.9639373421669006,0.1567541658878326
sub-01_FDSI_triangular-ramp40s_snr20dB,sub-01,triangular-ramp40s,20,0,28,1.0,0.995292067527771,0.1702585220336914
sub-01_FDSI_triangular-ramp40s_snr20dB,sub-01,triangular-ramp40s,20,1,32,1.0,0.9701977372169496,0.1769318729639053
sub-01_FDSI_triangular-ramp40s_snr20dB,sub-01,triangular-ramp40s,20,2,38,1.0,0.9913630485534668,0.1335918307304382
sub-01_FDSI_triangular-ramp40s_snr20dB,sub-01,triangular-ramp40s,20,3,35,0.9019607843137256,0.9755663275718688,0.2597837746143341
sub-01_FDSI_triangular-ramp40s_snr20dB,sub-01,triangular-ramp40s,20,4,36,1.0,0.9792271256446838,0.1546981632709503
sub-01_FDSI_triangular-ramp40s_snr20dB,sub-01,triangular-ramp40s,20,5,34,0.9642857142857144,0.9719544053077698,0.1767206043004989
sub-01_FDSI_triangular-ramp40s_snr20dB,sub-01,triangular-ramp40s,20,6,37,0.9148936170212766,0.9688194394111632,0.2873944342136383
sub-01_FDSI_triangular-ramp40s_snr15dB,sub-01,triangular-ramp40s,15,0,28,1.0,0.9931790828704834,0.1702585220336914
sub-01_FDSI_triangular-ramp40s_snr15dB,sub-01,triangular-ramp40s,15,1,34,0.9107142857142856,0.9585972428321838,0.2553924024105072
sub-01_FDSI_triangular-ramp40s_snr15dB,sub-01,triangular-ramp40s,15,2,36,0.9183673469387756,0.973625421524048,0.2766855955123901
sub-01_FDSI_triangular-ramp40s_snr15dB,sub-01,triangular-ramp40s,15,3,38,1.0,0.9709373116493224,0.1335918307304382
sub-01_FDSI_triangular-ramp20s_snr30dB,sub-01,triangular-ramp20s,30,0,36,1.0,0.9876486659049988,0.172247514128685
sub-01_FDSI_triangular-ramp20s_snr30dB,sub-01,triangular-ramp20s,30,1,38,1.0,0.9925732016563416,0.1460805535316467
sub-01_FDSI_triangular-ramp20s_snr30dB,sub-01,triangular-ramp20s,30,2,28,1.0,0.99652361869812,0.182213470339775
sub-01_FDSI_triangular-ramp20s_snr30dB,sub-01,triangular-ramp20s,30,3,35,1.0,0.9748890995979308,0.1643112748861313
sub-01_FDSI_triangular-ramp20s_snr30dB,sub-01,triangular-ramp20s,30,4,34,1.0,0.9870126247406006,0.1371385157108307
sub-01_FDSI_triangular-ramp20s_snr30dB,sub-01,triangular-ramp20s,30,5,32,1.0,0.9922005534172058,0.1577110886573791
sub-01_FDSI_triangular-ramp20s_snr30dB,sub-01,triangular-ramp20s,30,6,37,1.0,0.9842370748519896,0.2018178552389145
sub-01_FDSI_triangular-ramp20s_snr30dB,sub-01,triangular-ramp20s,30,7,24,0.9859154929577464,0.9801794290542604,0.2089453786611557
sub-01_FDSI_triangular-ramp20s_snr30dB,sub-01,triangular-ramp20s,30,8,33,1.0,0.9827448129653932,0.1690624058246612
sub-01_FDSI_triangular-ramp20s_snr30dB,sub-01,triangular-ramp20s,30,9,30,1.0,0.9732751250267028,0.1876587122678756
sub-01_FDSI_triangular-ramp20s_snr30dB,sub-01,triangular-ramp20s,30,10,31,1.0,0.9706236720085144,0.161402553319931
sub-01_FDSI_triangular-ramp20s_snr30dB,sub-01,triangular-ramp20s,30,11,29,0.9846153846153848,0.969372034072876,0.1515030264854431
sub-01_FDSI_triangular-ramp20s_snr30dB,sub-01,triangular-ramp20s,30,12,13,0.9,0.952486217021942,0.3131169378757477
sub-01_FDSI_triangular-ramp20s_snr30dB,sub-01,triangular-ramp20s,30,13,22,1.0,0.9613311886787416,0.163886085152626
sub-01_FDSI_triangular-ramp20s_snr25dB,sub-01,triangular-ramp20s,25,0,36,1.0,0.9824991226196288,0.172247514128685
sub-01_FDSI_triangular-ramp20s_snr25dB,sub-01,triangular-ramp20s,25,1,38,1.0,0.9871384501457214,0.1460805535316467
sub-01_FDSI_triangular-ramp20s_snr25dB,sub-01,triangular-ramp20s,25,2,28,1.0,0.9965900778770448,0.182213470339775
sub-01_FDSI_triangular-ramp20s_snr25dB,sub-01,triangular-ramp20s,25,3,34,1.0,0.9820862412452698,0.1371385157108307
sub-01_FDSI_triangular-ramp20s_snr25dB,sub-01,triangular-ramp20s,25,4,35,1.0,0.9709270596504213,0.1643112748861313
sub-01_FDSI_triangular-ramp20s_snr25dB,sub-01,triangular-ramp20s,25,5,32,1.0,0.9805908203125,0.1577110886573791
sub-01_FDSI_triangular-ramp20s_snr25dB,sub-01,triangular-ramp20s,25,6,37,1.0,0.9703105092048644,0.2018178552389145
sub-01_FDSI_triangular-ramp20s_snr25dB,sub-01,triangular-ramp20s,25,7,31,0.9666666666666668,0.96226704120636,0.2193857282400131
sub-01_FDSI_triangular-ramp20s_snr25dB,sub-01,triangular-ramp20s,25,8,30,0.9838709677419356,0.9622688293457032,0.1873975247144699
sub-01_FDSI_triangular-ramp20s_snr25dB,sub-01,triangular-ramp20s,25,9,33,0.9298245614035088,0.9662219882011414,0.2825073599815368
sub-01_FDSI_triangular-ramp20s_snr25dB,sub-01,triangular-ramp20s,25,10,22,0.9066666666666666,0.9587619304656982,0.3476599454879761
sub-01_FDSI_triangular-ramp20s_snr20dB,sub-01,triangular-ramp20s,20,0,38,1.0,0.9801018834114076,0.1460805535316467
sub-01_FDSI_triangular-ramp20s_snr20dB,sub-01,triangular-ramp20s,20,1,32,1.0,0.9822574257850648,0.1577110886573791
sub-01_FDSI_triangular-ramp20s_snr20dB,sub-01,triangular-ramp20s,20,2,28,1.0,0.9940639734268188,0.182213470339775
sub-01_FDSI_triangular-ramp20s_snr20dB,sub-01,triangular-ramp20s,20,3,36,1.0,0.9693493247032166,0.172247514128685
sub-01_FDSI_triangular-ramp20s_snr20dB,sub-01,triangular-ramp20s,20,4,34,1.0,0.9607179164886476,0.1371385157108307
sub-01_FDSI_triangular-ramp20s_snr15dB,sub-01,triangular-ramp20s,15,0,28,1.0,0.9945565462112428,0.182213470339775
sub-01_FDSI_triangular-ramp20s_snr15dB,sub-01,triangular-ramp20s,15,1,38,1.0,0.9721357226371764,0.1460805535316467
sub-01_FDSI_triangular-ramp20s_snr15dB,sub-01,triangular-ramp20s,15,2,32,0.9830508474576272,0.9593735933303832,0.1989239007234573
sub-01_FDSI_triangular-ramp20s_snr15dB,sub-01,triangular-ramp20s,15,3,36,0.9019607843137256,0.96463143825531,0.3200686872005462
sub-01_FDSI_triangular-ramp10s_snr30dB,sub-01,triangular-ramp10s,30,0,32,1.0,0.9840471744537354,0.18953537940979
sub-01_FDSI_triangular-ramp10s_snr30dB,sub-01,triangular-ramp10s,30,1,30,1.0,0.9861645102500916,0.1710178703069687
sub-01_FDSI_triangular-ramp10s_snr30dB,sub-01,triangular-ramp10s,30,2,36,1.0,0.993212103843689,0.1663132011890411
sub-01_FDSI_triangular-ramp10s_snr30dB,sub-01,triangular-ramp10s,30,3,35,1.0,0.9864214062690736,0.1752262115478515
sub-01_FDSI_triangular-ramp10s_snr30dB,sub-01,triangular-ramp10s,30,4,38,1.0,0.992563009262085,0.1841744035482406
sub-01_FDSI_triangular-ramp10s_snr30dB,sub-01,triangular-ramp10s,30,5,7,0.9047619047619048,0.9555807709693908,0.3073204457759857
sub-01_FDSI_triangular-ramp10s_snr30dB,sub-01,triangular-ramp10s,30,6,34,1.0,0.978796660900116,0.1728776097297668
sub-01_FDSI_triangular-ramp10s_snr30dB,sub-01,triangular-ramp10s,30,7,28,1.0,0.9895823001861572,0.1684307903051376
sub-01_FDSI_triangular-ramp10s_snr30dB,sub-01,triangular-ramp10s,30,8,33,1.0,0.9785527586936952,0.1659901887178421
sub-01_FDSI_triangular-ramp10s_snr30dB,sub-01,triangular-ramp10s,30,9,37,1.0,0.9830722212791444,0.162173256278038
sub-01_FDSI_triangular-ramp10s_snr30dB,sub-01,triangular-ramp10s,30,10,31,1.0,0.9743406772613524,0.1624543368816375
sub-01_FDSI_triangular-ramp10s_snr30dB,sub-01,triangular-ramp10s,30,11,24,1.0,0.9642546772956848,0.1575073897838592
sub-01_FDSI_triangular-ramp10s_snr30dB,sub-01,triangular-ramp10s,30,12,22,0.9178082191780822,0.953035056591034,0.2922128438949585
sub-01_FDSI_triangular-ramp10s_snr30dB,sub-01,triangular-ramp10s,30,13,29,0.9846153846153848,0.9584055542945862,0.2039759159088134
sub-01_FDSI_triangular-ramp10s_snr25dB,sub-01,triangular-ramp10s,25,0,30,1.0,0.979439616203308,0.1710178703069687
sub-01_FDSI_triangular-ramp10s_snr25dB,sub-01,triangular-ramp10s,25,1,36,1.0,0.9874486327171326,0.1663132011890411
sub-01_FDSI_triangular-ramp10s_snr25dB,sub-01,triangular-ramp10s,25,2,38,1.0,0.9912881851196288,0.1841744035482406
sub-01_FDSI_triangular-ramp10s_snr25dB,sub-01,triangular-ramp10s,25,3,35,1.0,0.9809365272521972,0.1752262115478515
sub-01_FDSI_triangular-ramp10s_snr25dB,sub-01,triangular-ramp10s,25,4,32,1.0,0.9774187803268432,0.18953537940979
sub-01_FDSI_triangular-ramp10s_snr25dB,sub-01,triangular-ramp10s,25,5,28,1.0,0.9789405465126038,0.1684307903051376
sub-01_FDSI_triangular-ramp10s_snr25dB,sub-01,triangular-ramp10s,25,6,31,0.9516129032258064,0.9722267389297484,0.255677729845047
sub-01_FDSI_triangular-ramp10s_snr25dB,sub-01,triangular-ramp10s,25,7,37,1.0,0.9750080704689026,0.162173256278038
sub-01_FDSI_triangular-ramp10s_snr25dB,sub-01,triangular-ramp10s,25,8,34,1.0,0.9685587286949158,0.1728776097297668
sub-01_FDSI_triangular-ramp10s_snr25dB,sub-01,triangular-ramp10s,25,9,33,0.9824561403508772,0.968772828578949,0.1831401288509369
sub-01_FDSI_triangular-ramp10s_snr25dB,sub-01,triangular-ramp10s,25,10,24,0.9577464788732394,0.9668790102005004,0.2446361482143402
sub-01_FDSI_triangular-ramp10s_snr20dB,sub-01,triangular-ramp10s,20,0,34,1.0,0.9606539607048036,0.1728776097297668
sub-01_FDSI_triangular-ramp10s_snr20dB,sub-01,triangular-ramp10s,20,1,30,0.9166666666666666,0.9655744433403016,0.339351624250412
sub-01_FDSI_triangular-ramp10s_snr20dB,sub-01,triangular-ramp10s,20,2,36,1.0,0.978955328464508,0.1663132011890411
sub-01_FDSI_triangular-ramp10s_snr20dB,sub-01,triangular-ramp10s,20,3,32,0.9827586206896552,0.983979880809784,0.2395778596401214
sub-01_FDSI_triangular-ramp10s_snr20dB,sub-01,triangular-ramp10s,20,4,38,1.0,0.9855393171310424,0.1841744035482406
sub-01_FDSI_triangular-ramp10s_snr20dB,sub-01,triangular-ramp10s,20,5,35,0.981132075471698,0.9651281237602234,0.2324142605066299
sub-01_FDSI_triangular-ramp10s_snr20dB,sub-01,triangular-ramp10s,20,6,37,0.9361702127659576,0.9538945555686952,0.2978756725788116
sub-01_FDSI_triangular-ramp10s_snr20dB,sub-01,triangular-ramp10s,20,7,28,1.0,0.9818302392959596,0.1684307903051376
sub-01_FDSI_triangular-ramp10s_snr15dB,sub-01,triangular-ramp10s,15,0,28,1.0,0.9944138526916504,0.1684307903051376
sub-01_FDSI_triangular-ramp10s_snr15dB,sub-01,triangular-ramp10s,15,1,36,0.9803921568627452,0.9775483012199402,0.22616808116436
sub-01_FDSI_triangular-ramp10s_snr15dB,sub-01,triangular-ramp10s,15,2,38,1.0,0.9729259610176086,0.1841744035482406
sub-01_FDSI_triangular-ramp10s_snr15dB,sub-01,triangular-ramp10s,15,3,34,0.9074074074074074,0.9567844271659852,0.3246906399726867
sub-01_FDSI_triangular-ramp5s_snr30dB,sub-01,triangular-ramp5s,30,0,32,1.0,0.9828518033027648,0.1824201196432113
sub-01_FDSI_triangular-ramp5s_snr30dB,sub-01,triangular-ramp5s,30,1,36,1.0,0.9897856712341307,0.1638174951076507
sub-01_FDSI_triangular-ramp5s_snr30dB,sub-01,triangular-ramp5s,30,2,28,1.0,0.997471809387207,0.1810535937547683
sub-01_FDSI_triangular-ramp5s_snr30dB,sub-01,triangular-ramp5s,30,3,38,1.0,0.9900732040405272,0.2039119899272918
sub-01_FDSI_triangular-ramp5s_snr30dB,sub-01,triangular-ramp5s,30,4,37,1.0,0.9898370504379272,0.1530566662549972
sub-01_FDSI_triangular-ramp5s_snr30dB,sub-01,triangular-ramp5s,30,5,33,1.0,0.9778892397880554,0.1461288183927536
sub-01_FDSI_triangular-ramp5s_snr30dB,sub-01,triangular-ramp5s,30,6,34,1.0,0.987386167049408,0.1611306518316269
sub-01_FDSI_triangular-ramp5s_snr30dB,sub-01,triangular-ramp5s,30,7,31,1.0,0.9840823411941528,0.1437782496213913
sub-01_FDSI_triangular-ramp5s_snr30dB,sub-01,triangular-ramp5s,30,8,24,1.0,0.9759904742240906,0.1892285943031311
sub-01_FDSI_triangular-ramp5s_snr30dB,sub-01,triangular-ramp5s,30,9,30,1.0,0.9811195135116576,0.158815860748291
sub-01_FDSI_triangular-ramp5s_snr30dB,sub-01,triangular-ramp5s,30,10,35,1.0,0.9613945484161376,0.1804484724998474
sub-01_FDSI_triangular-ramp5s_snr30dB,sub-01,triangular-ramp5s,30,11,22,0.9733333333333334,0.9563382863998412,0.2262452691793441
sub-01_FDSI_triangular-ramp5s_snr30dB,sub-01,triangular-ramp5s,30,12,29,0.9682539682539684,0.9665198922157288,0.1892036646604538
sub-01_FDSI_triangular-ramp5s_snr25dB,sub-01,triangular-ramp5s,25,0,36,1.0,0.9861116409301758,0.1638174951076507
sub-01_FDSI_triangular-ramp5s_snr25dB,sub-01,triangular-ramp5s,25,1,32,1.0,0.979766309261322,0.1824201196432113
sub-01_FDSI_triangular-ramp5s_snr25dB,sub-01,triangular-ramp5s,25,2,28,1.0,0.9959824085235596,0.1810535937547683
sub-01_FDSI_triangular-ramp5s_snr25dB,sub-01,triangular-ramp5s,25,3,37,1.0,0.9802035093307496,0.1530566662549972
sub-01_FDSI_triangular-ramp5s_snr25dB,sub-01,triangular-ramp5s,25,4,34,1.0,0.9743884205818176,0.1611306518316269
sub-01_FDSI_triangular-ramp5s_snr25dB,sub-01,triangular-ramp5s,25,5,30,1.0,0.9690561294555664,0.1587731391191482
sub-01_FDSI_triangular-ramp5s_snr25dB,sub-01,triangular-ramp5s,25,6,38,1.0,0.984571099281311,0.2039119899272918
sub-01_FDSI_triangular-ramp5s_snr25dB,sub-01,triangular-ramp5s,25,7,24,0.972972972972973,0.9607592821121216,0.2005922198295593
sub-01_FDSI_triangular-ramp5s_snr25dB,sub-01,triangular-ramp5s,25,8,33,0.9636363636363636,0.9571377038955688,0.2288051098585128
sub-01_FDSI_triangular-ramp5s_snr25dB,sub-01,triangular-ramp5s,25,9,31,1.0,0.9630650877952576,0.1437782496213913
sub-01_FDSI_triangular-ramp5s_snr25dB,sub-01,triangular-ramp5s,25,10,35,0.9814814814814816,0.9787427186965942,0.1709177643060684
sub-01_FDSI_triangular-ramp5s_snr20dB,sub-01,triangular-ramp5s,20,0,32,1.0,0.965748369693756,0.1824201196432113
sub-01_FDSI_triangular-ramp5s_snr20dB,sub-01,triangular-ramp5s,20,1,28,1.0,0.9950153827667236,0.1810535937547683
sub-01_FDSI_triangular-ramp5s_snr20dB,sub-01,triangular-ramp5s,20,2,36,1.0,0.9767327904701232,0.1638174951076507
sub-01_FDSI_triangular-ramp5s_snr20dB,sub-01,triangular-ramp5s,20,3,37,0.9782608695652174,0.9752947688102722,0.1919239461421966
sub-01_FDSI_triangular-ramp5s_snr20dB,sub-01,triangular-ramp5s,20,4,34,0.9814814814814816,0.981720507144928,0.1953853070735931
sub-01_FDSI_triangular-ramp5s_snr20dB,sub-01,triangular-ramp5s,20,5,38,1.0,0.9822912812232972,0.2039119899272918
sub-01_FDSI_triangular-ramp5s_snr20dB,sub-01,triangular-ramp5s,20,6,30,0.9032258064516128,0.9504396319389344,0.351835161447525
sub-01_FDSI_triangular-ramp5s_snr15dB,sub-01,triangular-ramp5s,15,0,32,0.9666666666666668,0.9559407234191896,0.224025011062622
sub-01_FDSI_triangular-ramp5s_snr15dB,sub-01,triangular-ramp5s,15,1,28,1.0,0.99276864528656,0.1810535937547683
sub-01_FDSI_triangular-ramp5s_snr15dB,sub-01,triangular-ramp5s,15,2,38,1.0,0.9684049487113952,0.2039119899272918
sub-01_FDSI_triangular-ramp5s_snr15dB,sub-01,triangular-ramp5s,15,3,36,0.979591836734694,0.9688788652420044,0.2123870998620987
sub-02_FDSI_staircase_snr30dB,sub-02,staircase,30,0,30,1.0,0.9890642166137696,0.1638822257518768
sub-02_FDSI_staircase_snr30dB,sub-02,staircase,30,1,33,1.0,0.976314902305603,0.1402699947357177
sub-02_FDSI_staircase_snr30dB,sub-02,staircase,30,2,21,1.0,0.9911494851112366,0.1792377233505249
sub-02_FDSI_staircase_snr30dB,sub-02,staircase,30,3,31,1.0,0.974333643913269,0.1898163855075836
sub-02_FDSI_staircase_snr30dB,sub-02,staircase,30,4,26,1.0,0.9699526429176332,0.1656680107116699
sub-02_FDSI_staircase_snr30dB,sub-02,staircase,30,5,25,1.0,0.9800913333892822,0.1453854590654373
sub-02_FDSI_staircase_snr30dB,sub-02,staircase,30,6,16,1.0,0.9693842530250548,0.1560133099555969
sub-02_FDSI_staircase_snr30dB,sub-02,staircase,30,7,27,1.0,0.9830930829048156,0.1835231333971023
sub-02_FDSI_staircase_snr30dB,sub-02,staircase,30,8,28,1.0,0.973430871963501,0.1613410860300064
sub-02_FDSI_staircase_snr30dB,sub-02,staircase,30,9,24,1.0,0.986527383327484,0.174661099910736
sub-02_FDSI_staircase_snr30dB,sub-02,staircase,30,10,32,0.979591836734694,0.9749168753623962,0.1608653664588928
sub-02_FDSI_staircase_snr30dB,sub-02,staircase,30,11,29,0.9824561403508772,0.9680326581001282,0.2358902543783188
sub-02_FDSI_staircase_snr30dB,sub-02,staircase,30,12,14,0.9367088607594936,0.9633160829544068,0.2667992115020752
sub-02_FDSI_staircase_snr30dB,sub-02,staircase,30,13,22,1.0,0.9784124493598938,0.1534159481525421
sub-02_FDSI_staircase_snr30dB,sub-02,staircase,30,14,20,1.0,0.9724519848823548,0.1570588797330856
sub-02_FDSI_staircase_snr30dB,sub-02,staircase,30,15,23,0.9428571428571428,0.959356129169464,0.2846914827823639
sub-02_FDSI_staircase_snr30dB,sub-02,staircase,30,16,19,1.0,0.9597060084342957,0.1792585104703903
sub-02_FDSI_staircase_snr25dB,sub-02,staircase,25,0,30,1.0,0.9909180998802184,0.1638822257518768
sub-02_FDSI_staircase_snr25dB,sub-02,staircase,25,1,21,1.0,0.9870366454124452,0.1792377233505249
sub-02_FDSI_staircase_snr25dB,sub-02,staircase,25,2,26,0.9836065573770492,0.9582595229148864,0.1832346022129058
sub-02_FDSI_staircase_snr25dB,sub-02,staircase,25,3,27,0.9836065573770492,0.9771142601966858,0.1868180930614471
sub-02_FDSI_staircase_snr25dB,sub-02,staircase,25,4,24,1.0,0.9688229560852052,0.174661099910736
sub-02_FDSI_staircase_snr25dB,sub-02,staircase,25,5,33,1.0,0.97000390291214,0.1402699947357177
sub-02_FDSI_staircase_snr25dB,sub-02,staircase,25,6,19,0.9315068493150684,0.957363486289978,0.3259736001491546
sub-02_FDSI_staircase_snr25dB,sub-02,staircase,25,7,28,0.9661016949152542,0.9507166743278505,0.226593405008316
sub-02_FDSI_staircase_snr25dB,sub-02,staircase,25,8,20,1.0,0.9745764136314392,0.1570588797330856
sub-02_FDSI_staircase_snr25dB,sub-02,staircase,25,9,25,0.984375,0.9588552713394164,0.1512014418840408
sub-02_FDSI_staircase_snr25dB,sub-02,staircase,25,10,32,0.92,0.9651488661766052,0.3073545396327972
sub-02_FDSI_staircase_snr20dB,sub-02,staircase,20,0,30,1.0,0.9796933531761168,0.1638822257518768
sub-02_FDSI_staircase_snr20dB,sub-02,staircase,20,1,21,1.0,0.9811465740203856,0.1792377233505249
sub-02_FDSI_staircase_snr20dB,sub-02,staircase,20,2,25,0.96875,0.959721028804779,0.2134538739919662
sub-02_FDSI_staircase_snr20dB,sub-02,staircase,20,3,27,0.9672131147540984,0.9747633934020996,0.2132746875286102
sub-02_FDSI_staircase_snr20dB,sub-02,staircase,20,4,24,1.0,0.9769025444984436,0.174661099910736
sub-02_FDSI_staircase_snr20dB,sub-02,staircase,20,5,32,0.9019607843137256,0.9427433609962464,0.2955523729324341
sub-02_FDSI_staircase_snr15dB,sub-02,staircase,15,0,30,1.0,0.9782423377037048,0.1638822257518768
sub-02_FDSI_staircase_snr15dB,sub-02,staircase,15,1,21,1.0,0.9738426804542542,0.1792377233505249
sub-02_FDSI_staircase_snr15dB,sub-02,staircase,15,2,24,1.0,0.969326376914978,0.174661099910736
sub-02_FDSI_triangular-ramp40s_snr30dB,sub-02,triangular-ramp40s,30,0,20,1.0,0.988909900188446,0.1625471264123916
sub-02_FDSI_triangular-ramp40s_snr30dB,sub-02,triangular-ramp40s,30,1,30,1.0,0.9812155365943908,0.1403946727514267
sub-02_FDSI_triangular-ramp40s_snr30dB,sub-02,triangular-ramp40s,30,2,21,1.0,0.9912052750587464,0.1688574105501175
sub-02_FDSI_triangular-ramp40s_snr30dB,sub-02,triangular-ramp40s,30,3,24,1.0,0.9863640666007996,0.1357693970203399
sub-02_FDSI_triangular-ramp40s_snr30dB,sub-02,triangular-ramp40s,30,4,33,1.0,0.9817621111869812,0.1733773201704025
sub-02_FDSI_triangular-ramp40s_snr30dB,sub-02,triangular-ramp40s,30,5,26,0.9696969696969696,0.971932590007782,0.2348894625902176
sub-02_FDSI_triangular-ramp40s_snr30dB,sub-02,triangular-ramp40s,30,6,32,1.0,0.9763996005058287,0.1489610075950622
sub-02_FDSI_triangular-ramp40s_snr30dB,sub-02,triangular-ramp40s,30,7,25,1.0,0.9787993431091307,0.1642006635665893
sub-02_FDSI_triangular-ramp40s_snr30dB,sub-02,triangular-ramp40s,30,8,22,1.0,0.9689013361930848,0.2037005275487899
sub-02_FDSI_triangular-ramp40s_snr30dB,sub-02,triangular-ramp40s,30,9,27,1.0,0.9765769839286804,0.1635687798261642
sub-02_FDSI_triangular-ramp40s_snr30dB,sub-02,triangular-ramp40s,30,10,28,1.0,0.9747772812843324,0.1903220117092132
sub-02_FDSI_triangular-ramp40s_snr30dB,sub-02,triangular-ramp40s,30,11,29,0.9824561403508772,0.959219217300415,0.2192744612693786
sub-02_FDSI_triangular-ramp40s_snr30dB,sub-02,triangular-ramp40s,30,12,23,1.0,0.9636856317520142,0.184401586651802
sub-02_FDSI_triangular-ramp40s_snr30dB,sub-02,triangular-ramp40s,30,13,31,0.9807692307692308,0.9585512280464172,0.179152712225914
sub-02_FDSI_triangular-ramp40s_snr30dB,sub-02,triangular-ramp40s,30,14,14,0.95,0.9570212364196776,0.2674883604049682
sub-02_FDSI_triangular-ramp40s_snr30dB,sub-02,triangular-ramp40s,30,15,19,0.9863013698630136,0.9637765288352966,0.2059282958507537
sub-02_FDSI_triangular-ramp40s_snr30dB,sub-02,triangular-ramp40s,30,16,16,0.987012987012987,0.9661739468574524,0.1620522439479828
sub-02_FDSI_triangular-ramp40s_snr25dB,sub-02,triangular-ramp40s,25,0,20,1.0,0.9824756383895874,0.1625471264123916
sub-02_FDSI_triangular-ramp40s_snr25dB,sub-02,triangular-ramp40s,25,1,21,1.0,0.9874727129936218,0.1688574105501175
sub-02_FDSI_triangular-ramp40s_snr25dB,sub-02,triangular-ramp40s,25,2,24,1.0,0.9792709946632384,0.1357693970203399
sub-02_FDSI_triangular-ramp40s_snr25dB,sub-02,triangular-ramp40s,25,3,26,0.9242424242424242,0.9651649594306946,0.2869205176830292
sub-02_FDSI_triangular-ramp40s_snr25dB,sub-02,triangular-ramp40s,25,4,25,0.9846153846153848,0.976479709148407,0.2168132811784744
sub-02_FDSI_triangular-ramp40s_snr25dB,sub-02,triangular-ramp40s,25,5,27,1.0,0.9724746942520142,0.1635687798261642
sub-02_FDSI_triangular-ramp40s_snr25dB,sub-02,triangular-ramp40s,25,6,30,1.0,0.9836870431900024,0.1403946727514267
sub-02_FDSI_triangular-ramp40s_snr25dB,sub-02,triangular-ramp40s,25,7,32,0.94,0.9543233513832092,0.2871357500553131
sub-02_FDSI_triangular-ramp40s_snr25dB,sub-02,triangular-ramp40s,25,8,19,0.9315068493150684,0.968904972076416,0.3003458082675934
sub-02_FDSI_triangular-ramp40s_snr25dB,sub-02,triangular-ramp40s,25,9,28,0.9508196721311476,0.9818636178970336,0.2400849461555481
sub-02_FDSI_triangular-ramp40s_snr25dB,sub-02,triangular-ramp40s,25,10,22,0.9154929577464788,0.9564021229743958,0.3360199928283691
sub-02_FDSI_triangular-ramp40s_snr25dB,sub-02,triangular-ramp40s,25,11,33,1.0,0.9785596132278442,0.1733773201704025
sub-02_FDSI_triangular-ramp40s_snr20dB,sub-02,triangular-ramp40s,20,0,21,1.0,0.98363995552063,0.1688574105501175
sub-02_FDSI_triangular-ramp40s_snr20dB,sub-02,triangular-ramp40s,20,1,24,0.9857142857142858,0.9838635921478271,0.1813443303108215
sub-02_FDSI_triangular-ramp40s_snr20dB,sub-02,triangular-ramp40s,20,2,30,1.0,0.9719171524047852,0.1403946727514267
sub-02_FDSI_triangular-ramp40s_snr20dB,sub-02,triangular-ramp40s,20,3,27,0.9508196721311476,0.9687875509262084,0.2596944272518158
sub-02_FDSI_triangular-ramp40s_snr20dB,sub-02,triangular-ramp40s,20,4,33,0.9361702127659576,0.9533450603485109,0.3517740368843078
sub-02_FDSI_triangular-ramp40s_snr15dB,sub-02,triangular-ramp40s,15,0,24,0.9571428571428572,0.9752691388130188,0.2208142131567001
sub-02_FDSI_triangular-ramp40s_snr15dB,sub-02,triangular-ramp40s,15,1,30,1.0,0.9777852892875672,0.1403946727514267
sub-02_FDSI_triangular-ramp20s_snr30dB,sub-02,triangular-ramp20s,30,0,24,1.0,0.9948896169662476,0.1853741705417633
sub-02_FDSI_triangular-ramp20s_snr30dB,sub-02,triangular-ramp20s,30,1,33,1.0,0.9779789447784424,0.169181540608406
sub-02_FDSI_triangular-ramp20s_snr30dB,sub-02,triangular-ramp20s,30,2,19,1.0,0.9653610587120056,0.1643676608800888
sub-02_FDSI_triangular-ramp20s_snr30dB,sub-02,triangular-ramp20s,30,3,25,1.0,0.9798574447631836,0.1618258953094482
sub-02_FDSI_triangular-ramp20s_snr30dB,sub-02,triangular-ramp20s,30,4,30,1.0,0.982511341571808,0.1347152292728424
sub-02_FDSI_triangular-ramp20s_snr30dB,sub-02,triangular-ramp20s,30,5,22,1.0,0.9659326672554016,0.1418840140104293
sub-02_FDSI_triangular-ramp20s_snr30dB,sub-02,triangular-ramp20s,30,6,23,0.9571428571428572,0.9480938911437988,0.2589918076992035
sub-02_FDSI_triangular-ramp20s_snr30dB,sub-02,triangular-ramp20s,30,7,21,1.0,0.990339994430542,0.1674868315458297
sub-02_FDSI_triangular-ramp20s_snr30dB,sub-02,triangular-ramp20s,30,8,29,1.0,0.97585928440094,0.1718855947256088
sub-02_FDSI_triangular-ramp20s_snr30dB,sub-02,triangular-ramp20s,30,9,27,1.0,0.9699629545211792,0.1441341787576675
sub-02_FDSI_triangular-ramp20s_snr30dB,sub-02,triangular-ramp20s,30,10,16,1.0,0.9645384550094604,0.1690590232610702
sub-02_FDSI_triangular-ramp20s_snr30dB,sub-02,triangular-ramp20s,30,11,26,0.9846153846153848,0.97917377948761,0.2052031457424163
sub-02_FDSI_triangular-ramp20s_snr30dB,sub-02,triangular-ramp20s,30,12,14,0.9642857142857144,0.9524139761924744,0.3427554070949554
sub-02_FDSI_triangular-ramp20s_snr30dB,sub-02,triangular-ramp20s,30,13,20,1.0,0.9766802191734314,0.1622287780046463
sub-02_FDSI_triangular-ramp20s_snr30dB,sub-02,triangular-ramp20s,30,14,31,0.9636363636363636,0.9627936482429504,0.1608322560787201
sub-02_FDSI_triangular-ramp20s_snr30dB,sub-02,triangular-ramp20s,30,15,28,1.0,0.9680914282798768,0.1985210627317428
sub-02_FDSI_triangular-ramp20s_snr30dB,sub-02,triangular-ramp20s,30,16,32,1.0,0.961508810520172,0.1255324929952621
sub-02_FDSI_triangular-ramp20s_snr25dB,sub-02,triangular-ramp20s,25,0,24,1.0,0.9919388294219972,0.1853741705417633
sub-02_FDSI_triangular-ramp20s_snr25dB,sub-02,triangular-ramp20s,25,1,19,0.9,0.9674195647239684,0.3600159883499145
sub-02_FDSI_triangular-ramp20s_snr25dB,sub-02,triangular-ramp20s,25,2,30,1.0,0.978002905845642,0.1347152292728424
sub-02_FDSI_triangular-ramp20s_snr25dB,sub-02,triangular-ramp20s,25,3,33,1.0,0.9707196950912476,0.169181540608406
sub-02_FDSI_triangular-ramp20s_snr25dB,sub-02,triangular-ramp20s,25,4,25,1.0,0.9720115661621094,0.1618013828992843
sub-02_FDSI_triangular-ramp20s_snr25dB,sub-02,triangular-ramp20s,25,5,20,1.0,0.974953293800354,0.1622287780046463
sub-02_FDSI_triangular-ramp20s_snr25dB,sub-02,triangular-ramp20s,25,6,21,1.0,0.9881170392036438,0.1674868315458297
sub-02_FDSI_triangular-ramp20s_snr25dB,sub-02,triangular-ramp20s,25,7,32,0.9387755102040816,0.973956286907196,0.2479938268661499
sub-02_FDSI_triangular-ramp20s_snr25dB,sub-02,triangular-ramp20s,25,8,27,1.0,0.9744481444358826,0.1441341787576675
sub-02_FDSI_triangular-ramp20s_snr25dB,sub-02,triangular-ramp20s,25,9,16,0.9743589743589745,0.951909601688385,0.2112480849027633
sub-02_FDSI_triangular-ramp20s_snr20dB,sub-02,triangular-ramp20s,20,0,24,1.0,0.982092559337616,0.1853741705417633
sub-02_FDSI_triangular-ramp20s_snr20dB,sub-02,triangular-ramp20s,20,1,30,1.0,0.9837283492088318,0.1347152292728424
sub-02_FDSI_triangular-ramp20s_snr20dB,sub-02,triangular-ramp20s,20,2,21,1.0,0.978779435157776,0.1674868315458297
sub-02_FDSI_triangular-ramp20s_snr20dB,sub-02,triangular-ramp20s,20,3,25,0.9090909090909092,0.9534947276115416,0.3138767778873443
sub-02_FDSI_triangular-ramp20s_snr15dB,sub-02,triangular-ramp20s,15,0,24,1.0,0.9804061651229858,0.1853741705417633
sub-02_FDSI_triangular-ramp20s_snr15dB,sub-02,triangular-ramp20s,15,1,30,1.0,0.9738984107971193,0.1347152292728424
sub-02_FDSI_triangular-ramp20s_snr15dB,sub-02,triangular-ramp20s,15,2,21,0.9583333333333334,0.9714237451553344,0.243370845913887
sub-02_FDSI_triangular-ramp10s_snr30dB,sub-02,triangular-ramp10s,30,0,27,1.0,0.9842581748962402,0.183510348200798
sub-02_FDSI_triangular-ramp10s_snr30dB,sub-02,triangular-ramp10s,30,1,24,1.0,0.9833468198776244,0.159962385892868
sub-02_FDSI_triangular-ramp10s_snr30dB,sub-02,triangular-ramp10s,30,2,30,1.0,0.9891485571861268,0.1515231430530548
sub-02_FDSI_triangular-ramp10s_snr30dB,sub-02,triangular-ramp10s,30,3,20,1.0,0.9791224598884584,0.1735531389713287
sub-02_FDSI_triangular-ramp10s_snr30dB,sub-02,triangular-ramp10s,30,4,33,1.0,0.9807426929473876,0.1986781358718872
sub-02_FDSI_triangular-ramp10s_snr30dB,sub-02,triangular-ramp10s,30,5,26,1.0,0.9764631986618042,0.1666280925273895
sub-02_FDSI_triangular-ramp10s_snr30dB,sub-02,triangular-ramp10s,30,6,28,1.0,0.977142095565796,0.1786177605390548
sub-02_FDSI_triangular-ramp10s_snr30dB,sub-02,triangular-ramp10s,30,7,21,1.0,0.9927855730056764,0.1554713994264602
sub-02_FDSI_triangular-ramp10s_snr30dB,sub-02,triangular-ramp10s,30,8,32,1.0,0.9747611880302428,0.1638374775648117
sub-02_FDSI_triangular-ramp10s_snr30dB,sub-02,triangular-ramp10s,30,9,22,1.0,0.9753071665763856,0.1704221963882446
sub-02_FDSI_triangular-ramp10s_snr30dB,sub-02,triangular-ramp10s,30,10,25,1.0,0.9816763401031494,0.1698134094476699
sub-02_FDSI_triangular-ramp10s_snr30dB,sub-02,triangular-ramp10s,30,11,16,1.0,0.9760589003562928,0.1611267775297165
sub-02_FDSI_triangular-ramp10s_snr30dB,sub-02,triangular-ramp10s,30,12,14,0.9878048780487804,0.9722049236297609,0.2046020328998565
sub-02_FDSI_triangular-ramp10s_snr30dB,sub-02,triangular-ramp10s,30,13,31,0.9803921568627452,0.9574404954910278,0.1907261312007904
sub-02_FDSI_triangular-ramp10s_snr30dB,sub-02,triangular-ramp10s,30,14,8,0.9036144578313252,0.944875955581665,0.3337089419364929
sub-02_FDSI_triangular-ramp10s_snr30dB,sub-02,triangular-ramp10s,30,15,29,0.9821428571428572,0.9711085557937622,0.1847752332687378
sub-02_FDSI_triangular-ramp10s_snr30dB,sub-02,triangular-ramp10s,30,16,23,0.9552238805970148,0.9608638882637024,0.257127434015274
sub-02_FDSI_triangular-ramp10s_snr30dB,sub-02,triangular-ramp10s,30,17,19,0.972972972972973,0.9601925611495972,0.2196951806545257
sub-02_FDSI_triangular-ramp10s_snr25dB,sub-02,triangular-ramp10s,25,0,27,1.0,0.976039171218872,0.183510348200798
sub-02_FDSI_triangular-ramp10s_snr25dB,sub-02,triangular-ramp10s,25,1,30,1.0,0.9848119616508484,0.1515231430530548
sub-02_FDSI_triangular-ramp10s_snr25dB,sub-02,triangular-ramp10s,25,2,24,1.0,0.9774171113967896,0.159962385892868
sub-02_FDSI_triangular-ramp10s_snr25dB,sub-02,triangular-ramp10s,25,3,20,1.0,0.9743683934211732,0.1735531389713287
sub-02_FDSI_triangular-ramp10s_snr25dB,sub-02,triangular-ramp10s,25,4,21,1.0,0.9838849902153016,0.1554713994264602
sub-02_FDSI_triangular-ramp10s_snr25dB,sub-02,triangular-ramp10s,25,5,32,0.9,0.9709832668304444,0.3126425743103027
sub-02_FDSI_triangular-ramp10s_snr25dB,sub-02,triangular-ramp10s,25,6,33,1.0,0.9662502408027648,0.1986781358718872
sub-02_FDSI_triangular-ramp10s_snr25dB,sub-02,triangular-ramp10s,25,7,25,1.0,0.9705145359039308,0.1698134094476699
sub-02_FDSI_triangular-ramp10s_snr25dB,sub-02,triangular-ramp10s,25,8,28,0.918032786885246,0.9445875883102416,0.2718082070350647
sub-02_FDSI_triangular-ramp10s_snr25dB,sub-02,triangular-ramp10s,25,9,19,0.9864864864864864,0.9303391575813292,0.1953984349966049
sub-02_FDSI_triangular-ramp10s_snr25dB,sub-02,triangular-ramp10s,25,10,16,0.9090909090909092,0.9478137493133544,0.3016031682491302
sub-02_FDSI_triangular-ramp10s_snr20dB,sub-02,triangular-ramp10s,20,0,30,1.0,0.9811702966690063,0.1515231430530548
sub-02_FDSI_triangular-ramp10s_snr20dB,sub-02,triangular-ramp10s,20,1,27,1.0,0.967312216758728,0.183510348200798
sub-02_FDSI_triangular-ramp10s_snr20dB,sub-02,triangular-ramp10s,20,2,20,0.9452054794520548,0.963745415210724,0.3315463960170746
sub-02_FDSI_triangular-ramp10s_snr20dB,sub-02,triangular-ramp10s,20,3,24,1.0,0.97561377286911,0.159962385892868
sub-02_FDSI_triangular-ramp10s_snr20dB,sub-02,triangular-ramp10s,20,4,21,1.0,0.9712003469467164,0.1554713994264602
sub-02_FDSI_triangular-ramp10s_snr20dB,sub-02,triangular-ramp10s,20,5,32,0.9019607843137256,0.968493640422821,0.4035779237747192
sub-02_FDSI_triangular-ramp10s_snr15dB,sub-02,triangular-ramp10s,15,0,21,0.9852941176470588,0.9808029532432556,0.2082240879535675
sub-02_FDSI_triangular-ramp10s_snr15dB,sub-02,triangular-ramp10s,15,1,24,1.0,0.970444917678833,0.159962385892868
sub-02_FDSI_triangular-ramp10s_snr15dB,sub-02,triangular-ramp10s,15,2,30,0.9821428571428572,0.9760912656784058,0.1574578136205673
sub-02_FDSI_triangular-ramp5s_snr30dB,sub-02,triangular-ramp5s,30,0,24,0.9850746268656716,0.9910815358161926,0.1727863103151321
sub-02_FDSI_triangular-ramp5s_snr30dB,sub-02,triangular-ramp5s,30,1,22,1.0,0.9814481735229492,0.1787677109241485
sub-02_FDSI_triangular-ramp5s_snr30dB,sub-02,triangular-ramp5s,30,2,33,0.979591836734694,0.9690828323364258,0.1778860986232757
sub-02_FDSI_triangular-ramp5s_snr30dB,sub-02,triangular-ramp5s,30,3,21,1.0,0.9898726344108582,0.1576869040727615
sub-02_FDSI_triangular-ramp5s_snr30dB,sub-02,triangular-ramp5s,30,4,32,1.0,0.9841560125350952,0.1475671380758285
sub-02_FDSI_triangular-ramp5s_snr30dB,sub-02,triangular-ramp5s,30,5,30,1.0,0.9928603172302246,0.1858867704868316
sub-02_FDSI_triangular-ramp5s_snr30dB,sub-02,triangular-ramp5s,30,6,28,1.0,0.97643780708313,0.1915574818849563
sub-02_FDSI_triangular-ramp5s_snr30dB,sub-02,triangular-ramp5s,30,7,27,1.0,0.9863525032997132,0.1541229635477066
sub-02_FDSI_triangular-ramp5s_snr30dB,sub-02,triangular-ramp5s,30,8,26,1.0,0.9735469818115234,0.177214041352272
sub-02_FDSI_triangular-ramp5s_snr30dB,sub-02,triangular-ramp5s,30,9,19,0.9444444444444444,0.9662348628044128,0.2195023745298385
sub-02_FDSI_triangular-ramp5s_snr30dB,sub-02,triangular-ramp5s,30,10,29,1.0,0.975702166557312,0.186413288116455
sub-02_FDSI_triangular-ramp5s_snr30dB,sub-02,triangular-ramp5s,30,11,15,0.9487179487179488,0.9547439813613892,0.3273415565490722
sub-02_FDSI_triangular-ramp5s_snr30dB,sub-02,triangular-ramp5s,30,12,25,1.0,0.9748781323432922,0.1812154948711395
sub-02_FDSI_triangular-ramp5s_snr30dB,sub-02,triangular-ramp5s,30,13,20,1.0,0.966403067111969,0.1844811737537384
sub-02_FDSI_triangular-ramp5s_snr30dB,sub-02,triangular-ramp5s,30,14,16,1.0,0.9807584285736084,0.1590281128883361
sub-02_FDSI_triangular-ramp5s_snr30dB,sub-02,triangular-ramp5s,30,15,23,0.9,0.955257773399353,0.3240761458873749
sub-02_FDSI_triangular-ramp5s_snr30dB,sub-02,triangular-ramp5s,30,16,31,0.9818181818181818,0.9615325331687928,0.1488463729619979
sub-02_FDSI_triangular-ramp5s_snr30dB,sub-02,triangular-ramp5s,30,17,9,0.9156626506024096,0.9563171863555908,0.3289354741573334
sub-02_FDSI_triangular-ramp5s_snr30dB,sub-02,triangular-ramp5s,30,18,14,0.9487179487179488,0.944220244884491,0.2325282245874405
sub-02_FDSI_triangular-ramp5s_snr25dB,sub-02,triangular-ramp5s,25,0,25,1.0,0.9703446626663208,0.1812154948711395
sub-02_FDSI_triangular-ramp5s_snr25dB,sub-02,triangular-ramp5s,25,1,24,0.9850746268656716,0.9868128895759584,0.1727863103151321
sub-02_FDSI_triangular-ramp5s_snr25dB,sub-02,triangular-ramp5s,25,2,21,1.0,0.986595332622528,0.1576869040727615
sub-02_FDSI_triangular-ramp5s_snr25dB,sub-02,triangular-ramp5s,25,3,33,0.979591836734694,0.9744011759757996,0.1778860986232757
sub-02_FDSI_triangular-ramp5s_snr25dB,sub-02,triangular-ramp5s,25,4,32,0.98,0.9711232781410216,0.1805089861154556
sub-02_FDSI_triangular-ramp5s_snr25dB,sub-02,triangular-ramp5s,25,5,28,0.9310344827586208,0.9657195806503296,0.2949812114238739
sub-02_FDSI_triangular-ramp5s_snr25dB,sub-02,triangular-ramp5s,25,6,30,1.0,0.9826516509056092,0.1858867704868316
sub-02_FDSI_triangular-ramp5s_snr25dB,sub-02,triangular-ramp5s,25,7,27,1.0,0.972805917263031,0.1541229635477066
sub-02_FDSI_triangular-ramp5s_snr25dB,sub-02,triangular-ramp5s,25,8,29,0.9310344827586208,0.97051739692688,0.2972313463687897
sub-02_FDSI_triangular-ramp5s_snr25dB,sub-02,triangular-ramp5s,25,9,20,1.0,0.9653427004814148,0.1844811737537384
sub-02_FDSI_triangular-ramp5s_snr25dB,sub-02,triangular-ramp5s,25,10,26,0.9384615384615383,0.9510778188705444,0.2639307677745819
sub-02_FDSI_triangular-ramp5s_snr20dB,sub-02,triangular-ramp5s,20,0,24,0.9850746268656716,0.974763572216034,0.1727863103151321
sub-02_FDSI_triangular-ramp5s_snr20dB,sub-02,triangular-ramp5s,20,1,21,1.0,0.9684417247772216,0.1576869040727615
sub-02_FDSI_triangular-ramp5s_snr20dB,sub-02,triangular-ramp5s,20,2,30,1.0,0.9791306257247924,0.1858867704868316
sub-02_FDSI_triangular-ramp5s_snr20dB,sub-02,triangular-ramp5s,20,3,27,0.9830508474576272,0.9728814363479614,0.2015434354543686
sub-02_FDSI_triangular-ramp5s_snr20dB,sub-02,triangular-ramp5s,20,4,20,0.9473684210526316,0.9648761749267578,0.274369329214096
sub-02_FDSI_triangular-ramp5s_snr15dB,sub-02,triangular-ramp5s,15,0,24,0.9848484848484848,0.9647562503814696,0.2082758247852325
sub-02_FDSI_triangular-ramp5s_snr15dB,sub-02,triangular-ramp5s,15,1,21,0.972972972972973,0.9603212475776672,0.1967410147190094
sub-02_FDSI_triangular-ramp5s_snr15dB,sub-02,triangular-ramp5s,15,2,30,0.9818181818181818,0.9691387414932252,0.2202327698469162
sub-03_FDSI_staircase_snr30dB,sub-03,staircase,30,0,48,1.0,0.9852759838104248,0.1676434129476547
sub-03_FDSI_staircase_snr30dB,sub-03,staircase,30,1,49,1.0,0.9828928112983704,0.179774135351181
sub-03_FDSI_staircase_snr30dB,sub-03,staircase,30,2,51,1.0,0.9869715571403505,0.1956298798322677
sub-03_FDSI_staircase_snr30dB,sub-03,staircase,30,3,46,1.0,0.9888594150543212,0.1650338917970657
sub-03_FDSI_staircase_snr30dB,sub-03,staircase,30,4,40,1.0,0.9945993423461914,0.1648543030023574
sub-03_FDSI_staircase_snr30dB,sub-03,staircase,30,5,52,1.0,0.980453073978424,0.1797684580087661
sub-03_FDSI_staircase_snr30dB,sub-03,staircase,30,6,44,1.0,0.9866259694099426,0.1782000809907913
sub-03_FDSI_staircase_snr30dB,sub-03,staircase,30,7,50,1.0,0.9673035144805908,0.2006669640541076
sub-03_FDSI_staircase_snr30dB,sub-03,staircase,30,8,45,0.9636363636363636,0.974611222743988,0.2485174536705017
sub-03_FDSI_staircase_snr30dB,sub-03,staircase,30,9,47,1.0,0.9647926688194276,0.1718328148126602
sub-03_FDSI_staircase_snr30dB,sub-03,staircase,30,10,35,0.9295774647887324,0.9729436039924622,0.249329388141632
sub-03_FDSI_staircase_snr25dB,sub-03,staircase,25,0,51,1.0,0.9875215888023376,0.1956298798322677
sub-03_FDSI_staircase_snr25dB,sub-03,staircase,25,1,46,1.0,0.984915554523468,0.1650338917970657
sub-03_FDSI_staircase_snr25dB,sub-03,staircase,25,2,52,1.0,0.973352313041687,0.1797684580087661
sub-03_FDSI_staircase_snr25dB,sub-03,staircase,25,3,40,1.0,0.9931617379188538,0.1648543030023574
sub-03_FDSI_staircase_snr25dB,sub-03,staircase,25,4,44,1.0,0.9794920086860656,0.1782000809907913
sub-03_FDSI_staircase_snr25dB,sub-03,staircase,25,5,48,1.0,0.97871071100235,0.1676434129476547
sub-03_FDSI_staircase_snr25dB,sub-03,staircase,25,6,45,0.9090909090909092,0.959585666656494,0.2565059661865234
sub-03_FDSI_staircase_snr25dB,sub-03,staircase,25,7,49,1.0,0.9726315140724182,0.179774135351181
sub-03_FDSI_staircase_snr20dB,sub-03,staircase,20,0,44,1.0,0.9756677746772766,0.1782000809907913
sub-03_FDSI_staircase_snr20dB,sub-03,staircase,20,1,46,1.0,0.9756057262420654,0.1650338917970657
sub-03_FDSI_staircase_snr20dB,sub-03,staircase,20,2,40,1.0,0.990290343761444,0.1648543030023574
sub-03_FDSI_staircase_snr20dB,sub-03,staircase,20,3,49,0.96,0.976007640361786,0.2169695496559143
sub-03_FDSI_staircase_snr20dB,sub-03,staircase,20,4,51,1.0,0.9777394533157348,0.1954019963741302
sub-03_FDSI_staircase_snr20dB,sub-03,staircase,20,5,52,1.0,0.9766047596931458,0.1797684580087661
sub-03_FDSI_staircase_snr20dB,sub-03,staircase,20,6,48,0.9230769230769232,0.9437912106513976,0.3343661725521087
sub-03_FDSI_staircase_snr15dB,sub-03,staircase,15,0,40,1.0,0.987960159778595,0.1648543030023574
sub-03_FDSI_staircase_snr15dB,sub-03,staircase,15,1,44,0.9322033898305084,0.9558096528053284,0.3369737863540649
sub-03_FDSI_staircase_snr15dB,sub-03,staircase,15,2,52,0.9787234042553192,0.9662700295448304,0.2511033713817596
sub-03_FDSI_triangular-ramp40s_snr30dB,sub-03,triangular-ramp40s,30,0,48,1.0,0.9862504601478576,0.1636272668838501
sub-03_FDSI_triangular-ramp40s_snr30dB,sub-03,triangular-ramp40s,30,1,46,1.0,0.9745798707008362,0.1453377455472946
sub-03_FDSI_triangular-ramp40s_snr30dB,sub-03,triangular-ramp40s,30,2,40,1.0,0.9959454536437988,0.1752921044826507
sub-03_FDSI_triangular-ramp40s_snr30dB,sub-03,triangular-ramp40s,30,3,52,1.0,0.989472508430481,0.1794014722108841
sub-03_FDSI_triangular-ramp40s_snr30dB,sub-03,triangular-ramp40s,30,4,49,1.0,0.9814574718475342,0.134041890501976
sub-03_FDSI_triangular-ramp40s_snr30dB,sub-03,triangular-ramp40s,30,5,50,1.0,0.9726296067237854,0.1945052742958068
sub-03_FDSI_triangular-ramp40s_snr30dB,sub-03,triangular-ramp40s,30,6,51,1.0,0.9855232238769532,0.1543872356414795
sub-03_FDSI_triangular-ramp40s_snr30dB,sub-03,triangular-ramp40s,30,7,35,0.9859154929577464,0.9665578603744508,0.2450066357851028
sub-03_FDSI_triangular-ramp40s_snr30dB,sub-03,triangular-ramp40s,30,8,45,0.9649122807017544,0.968819260597229,0.2320465445518493
sub-03_FDSI_triangular-ramp40s_snr30dB,sub-03,triangular-ramp40s,30,9,44,1.0,0.9845819473266602,0.1787979751825332
sub-03_FDSI_triangular-ramp40s_snr30dB,sub-03,triangular-ramp40s,30,10,47,0.9245283018867924,0.96533203125,0.3382028937339782
sub-03_FDSI_triangular-ramp40s_snr30dB,sub-03,triangular-ramp40s,30,11,43,0.9344262295081968,0.9680711030960084,0.2504550814628601
sub-03_FDSI_triangular-ramp40s_snr25dB,sub-03,triangular-ramp40s,25,0,48,1.0,0.9780864715576172,0.1636272668838501
sub-03_FDSI_triangular-ramp40s_snr25dB,sub-03,triangular-ramp40s,25,1,40,1.0,0.9949864745140076,0.1752921044826507
sub-03_FDSI_triangular-ramp40s_snr25dB,sub-03,triangular-ramp40s,25,2,52,1.0,0.9826380610466005,0.1794014722108841
sub-03_FDSI_triangular-ramp40s_snr25dB,sub-03,triangular-ramp40s,25,3,44,0.9833333333333332,0.9766138792037964,0.1736216992139816
sub-03_FDSI_triangular-ramp40s_snr25dB,sub-03,triangular-ramp40s,25,4,46,1.0,0.9826552867889404,0.1453377455472946
sub-03_FDSI_triangular-ramp40s_snr25dB,sub-03,triangular-ramp40s,25,5,49,1.0,0.9838700294494628,0.134041890501976
sub-03_FDSI_triangular-ramp40s_snr25dB,sub-03,triangular-ramp40s,25,6,51,1.0,0.9603652358055116,0.1543841063976287
sub-03_FDSI_triangular-ramp40s_snr20dB,sub-03,triangular-ramp40s,20,0,48,1.0,0.9687357544898988,0.1638043373823166
sub-03_FDSI_triangular-ramp40s_snr20dB,sub-03,triangular-ramp40s,20,1,40,1.0,0.9869731664657592,0.1752921044826507
sub-03_FDSI_triangular-ramp40s_snr20dB,sub-03,triangular-ramp40s,20,2,46,1.0,0.9815636277198792,0.1453377455472946
sub-03_FDSI_triangular-ramp40s_snr20dB,sub-03,triangular-ramp40s,20,3,49,0.98,0.978574275970459,0.2155627757310867
sub-03_FDSI_triangular-ramp40s_snr20dB,sub-03,triangular-ramp40s,20,4,51,0.9791666666666666,0.9803283214569092,0.2240314483642578
sub-03_FDSI_triangular-ramp40s_snr20dB,sub-03,triangular-ramp40s,20,5,52,1.0,0.9662274718284608,0.1794014722108841
sub-03_FDSI_triangular-ramp40s_snr20dB,sub-03,triangular-ramp40s,20,6,44,1.0,0.9653557538986206,0.1787979751825332
sub-03_FDSI_triangular-ramp40s_snr15dB,sub-03,triangular-ramp40s,15,0,40,1.0,0.9878443479537964,0.1752921044826507
sub-03_FDSI_triangular-ramp40s_snr15dB,sub-03,triangular-ramp40s,15,1,44,0.9830508474576272,0.962400496006012,0.2018641829490661
sub-03_FDSI_triangular-ramp40s_snr15dB,sub-03,triangular-ramp40s,15,2,52,0.9565217391304348,0.9774925112724304,0.2128977328538894
sub-03_FDSI_triangular-ramp40s_snr15dB,sub-03,triangular-ramp40s,15,3,49,0.94,0.955060601234436,0.2868755459785461
sub-03_FDSI_triangular-ramp40s_snr15dB,sub-03,triangular-ramp40s,15,4,46,0.9433962264150944,0.966484010219574,0.2179617583751678
sub-03_FDSI_triangular-ramp20s_snr30dB,sub-03,triangular-ramp20s,30,0,52,1.0,0.9857407212257384,0.181081011891365
sub-03_FDSI_triangular-ramp20s_snr30dB,sub-03,triangular-ramp20s,30,1,51,1.0,0.976216733455658,0.148835152387619
sub-03_FDSI_triangular-ramp20s_snr30dB,sub-03,triangular-ramp20s,30,2,40,1.0,0.9959800839424132,0.1780539155006408
sub-03_FDSI_triangular-ramp20s_snr30dB,sub-03,triangular-ramp20s,30,3,44,1.0,0.98466157913208,0.1642453074455261
sub-03_FDSI_triangular-ramp20s_snr30dB,sub-03,triangular-ramp20s,30,4,46,0.9818181818181818,0.989857852458954,0.167150616645813
sub-03_FDSI_triangular-ramp20s_snr30dB,sub-03,triangular-ramp20s,30,5,48,1.0,0.9770520329475404,0.1807255744934082
sub-03_FDSI_triangular-ramp20s_snr30dB,sub-03,triangular-ramp20s,30,6,49,1.0,0.9872552156448364,0.1656118631362915
sub-03_FDSI_triangular-ramp20s_snr30dB,sub-03,triangular-ramp20s,30,7,35,0.9852941176470588,0.9804611206054688,0.1654033660888672
sub-03_FDSI_triangular-ramp20s_snr30dB,sub-03,triangular-ramp20s,30,8,45,0.912280701754386,0.9721745252609252,0.3636309206485748
sub-03_FDSI_triangular-ramp20s_snr30dB,sub-03,triangular-ramp20s,30,9,47,1.0,0.9714317917823792,0.1386836916208267
sub-03_FDSI_triangular-ramp20s_snr30dB,sub-03,triangular-ramp20s,30,10,50,0.9615384615384616,0.9560445547103882,0.2170464694499969
sub-03_FDSI_triangular-ramp20s_snr25dB,sub-03,triangular-ramp20s,25,0,52,1.0,0.9846950173377992,0.181081011891365
sub-03_FDSI_triangular-ramp20s_snr25dB,sub-03,triangular-ramp20s,25,1,49,1.0,0.9876294732093812,0.1656118631362915
sub-03_FDSI_triangular-ramp20s_snr25dB,sub-03,triangular-ramp20s,25,2,40,1.0,0.9951897859573364,0.1780539155006408
sub-03_FDSI_triangular-ramp20s_snr25dB,sub-03,triangular-ramp20s,25,3,46,0.9818181818181818,0.9833811521530152,0.167150616645813
sub-03_FDSI_triangular-ramp20s_snr25dB,sub-03,triangular-ramp20s,25,4,44,1.0,0.98262757062912,0.1642453074455261
sub-03_FDSI_triangular-ramp20s_snr25dB,sub-03,triangular-ramp20s,25,5,51,1.0,0.9744536876678468,0.148835152387619
sub-03_FDSI_triangular-ramp20s_snr25dB,sub-03,triangular-ramp20s,25,6,48,1.0,0.9613937735557556,0.1807255744934082
sub-03_FDSI_triangular-ramp20s_snr25dB,sub-03,triangular-ramp20s,25,7,35,0.9264705882352942,0.9553424715995787,0.2908987402915954
sub-03_FDSI_triangular-ramp20s_snr20dB,sub-03,triangular-ramp20s,20,0,44,1.0,0.9782958626747132,0.1642453074455261
sub-03_FDSI_triangular-ramp20s_snr20dB,sub-03,triangular-ramp20s,20,1,40,1.0,0.989349603652954,0.1780539155006408
sub-03_FDSI_triangular-ramp20s_snr20dB,sub-03,triangular-ramp20s,20,2,52,1.0,0.9724513292312622,0.181081011891365
sub-03_FDSI_triangular-ramp20s_snr20dB,sub-03,triangular-ramp20s,20,3,51,0.979591836734694,0.9745933413505554,0.1942081600427627
sub-03_FDSI_triangular-ramp20s_snr20dB,sub-03,triangular-ramp20s,20,4,49,0.9803921568627452,0.966404676437378,0.2369102090597152
sub-03_FDSI_triangular-ramp20s_snr20dB,sub-03,triangular-ramp20s,20,5,48,0.981132075471698,0.9443547129631042,0.2141150385141372
sub-03_FDSI_triangular-ramp20s_snr20dB,sub-03,triangular-ramp20s,20,6,46,0.9818181818181818,0.9797402024269104,0.167150616645813
sub-03_FDSI_triangular-ramp20s_snr15dB,sub-03,triangular-ramp20s,15,0,40,1.0,0.984103500843048,0.1780539155006408
sub-03_FDSI_triangular-ramp20s_snr15dB,sub-03,triangular-ramp20s,15,1,49,0.9607843137254902,0.962165892124176,0.2597171068191528
sub-03_FDSI_triangular-ramp20s_snr15dB,sub-03,triangular-ramp20s,15,2,44,0.95,0.956174612045288,0.2433103621006012
sub-03_FDSI_triangular-ramp20s_snr15dB,sub-03,triangular-ramp20s,15,3,52,0.9318181818181818,0.9732367396354676,0.2861715257167816
sub-03_FDSI_triangular-ramp10s_snr30dB,sub-03,triangular-ramp10s,30,0,44,1.0,0.9748228192329408,0.1541213542222976
sub-03_FDSI_triangular-ramp10s_snr30dB,sub-03,triangular-ramp10s,30,1,35,1.0,0.9663106799125672,0.1549242436885833
sub-03_FDSI_triangular-ramp10s_snr30dB,sub-03,triangular-ramp10s,30,2,52,1.0,0.9767099618911744,0.1676982790231704
sub-03_FDSI_triangular-ramp10s_snr30dB,sub-03,triangular-ramp10s,30,3,50,1.0,0.9788166880607604,0.1805290728807449
sub-03_FDSI_triangular-ramp10s_snr30dB,sub-03,triangular-ramp10s,30,4,46,1.0,0.9916939735412598,0.1778560727834701
sub-03_FDSI_triangular-ramp10s_snr30dB,sub-03,triangular-ramp10s,30,5,47,0.9814814814814816,0.9557555317878724,0.2631956934928894
sub-03_FDSI_triangular-ramp10s_snr30dB,sub-03,triangular-ramp10s,30,6,48,1.0,0.9701949954032898,0.1532649993896484
sub-03_FDSI_triangular-ramp10s_snr30dB,sub-03,triangular-ramp10s,30,7,49,1.0,0.9859664440155028,0.1632575839757919
sub-03_FDSI_triangular-ramp10s_snr30dB,sub-03,triangular-ramp10s,30,8,43,0.9166666666666666,0.9556133151054382,0.2815589606761932
sub-03_FDSI_triangular-ramp10s_snr30dB,sub-03,triangular-ramp10s,30,9,51,1.0,0.9850948452949524,0.1815726161003112
sub-03_FDSI_triangular-ramp10s_snr30dB,sub-03,triangular-ramp10s,30,10,40,1.0,0.9873618483543396,0.180939719080925
sub-03_FDSI_triangular-ramp10s_snr25dB,sub-03,triangular-ramp10s,25,0,51,1.0,0.9756488800048828,0.1815726161003112
sub-03_FDSI_triangular-ramp10s_snr25dB,sub-03,triangular-ramp10s,25,1,44,1.0,0.9740898013114928,0.1541213542222976
sub-03_FDSI_triangular-ramp10s_snr25dB,sub-03,triangular-ramp10s,25,2,50,0.9,0.9756612181663512,0.3658694326877594
sub-03_FDSI_triangular-ramp10s_snr25dB,sub-03,triangular-ramp10s,25,3,46,1.0,0.9891505837440492,0.1778560727834701
sub-03_FDSI_triangular-ramp10s_snr25dB,sub-03,triangular-ramp10s,25,4,48,1.0,0.9748058319091796,0.1532649993896484
sub-03_FDSI_triangular-ramp10s_snr25dB,sub-03,triangular-ramp10s,25,5,49,1.0,0.9828713536262512,0.1632575839757919
sub-03_FDSI_triangular-ramp10s_snr25dB,sub-03,triangular-ramp10s,25,6,52,1.0,0.980752408504486,0.1676982790231704
sub-03_FDSI_triangular-ramp10s_snr25dB,sub-03,triangular-ramp10s,25,7,40,1.0,0.974850296974182,0.180939719080925
sub-03_FDSI_triangular-ramp10s_snr20dB,sub-03,triangular-ramp10s,20,0,40,0.984126984126984,0.9900562167167664,0.1822026818990707
sub-03_FDSI_triangular-ramp10s_snr20dB,sub-03,triangular-ramp10s,20,1,46,1.0,0.9797113537788392,0.1778560727834701
sub-03_FDSI_triangular-ramp10s_snr20dB,sub-03,triangular-ramp10s,20,2,49,1.0,0.973814070224762,0.1632575839757919
sub-03_FDSI_triangular-ramp10s_snr20dB,sub-03,triangular-ramp10s,20,3,44,0.9830508474576272,0.9704906940460204,0.1913249641656875
sub-03_FDSI_triangular-ramp10s_snr20dB,sub-03,triangular-ramp10s,20,4,52,0.9772727272727272,0.9799999594688416,0.2045795768499374
sub-03_FDSI_triangular-ramp10s_snr20dB,sub-03,triangular-ramp10s,20,5,51,0.9130434782608696,0.9624581336975098,0.3156105577945709
sub-03_FDSI_triangular-ramp10s_snr20dB,sub-03,triangular-ramp10s,20,6,48,0.9423076923076924,0.9751248359680176,0.2524212598800659
sub-03_FDSI_triangular-ramp10s_snr15dB,sub-03,triangular-ramp10s,15,0,40,0.984126984126984,0.9852194786071776,0.1822026818990707
sub-03_FDSI_triangular-ramp10s_snr15dB,sub-03,triangular-ramp10s,15,1,52,0.9772727272727272,0.9628261923789978,0.2175574600696563
sub-03_FDSI_triangular-ramp10s_snr15dB,sub-03,triangular-ramp10s,15,2,49,0.9591836734693876,0.959890604019165,0.2538178563117981
sub-03_FDSI_triangular-ramp5s_snr30dB,sub-03,triangular-ramp5s,30,0,40,1.0,0.9958354234695436,0.1753563284873962
sub-03_FDSI_triangular-ramp5s_snr30dB,sub-03,triangular-ramp5s,30,1,51,1.0,0.9860790967941284,0.1563446521759033
sub-03_FDSI_triangular-ramp5s_snr30dB,sub-03,triangular-ramp5s,30,2,46,1.0,0.9890437126159668,0.1475763320922851
sub-03_FDSI_triangular-ramp5s_snr30dB,sub-03,triangular-ramp5s,30,3,44,1.0,0.9891637563705444,0.1956416070461273
sub-03_FDSI_triangular-ramp5s_snr30dB,sub-03,triangular-ramp5s,30,4,52,1.0,0.9848724007606506,0.2120923697948455
sub-03_FDSI_triangular-ramp5s_snr30dB,sub-03,triangular-ramp5s,30,5,48,1.0,0.9805899262428284,0.1550248563289642
sub-03_FDSI_triangular-ramp5s_snr30dB,sub-03,triangular-ramp5s,30,6,47,0.9636363636363636,0.977339506149292,0.2455407977104187
sub-03_FDSI_triangular-ramp5s_snr30dB,sub-03,triangular-ramp5s,30,7,49,1.0,0.9901397824287416,0.163042202591896
sub-03_FDSI_triangular-ramp5s_snr30dB,sub-03,triangular-ramp5s,30,8,50,0.9803921568627452,0.9639121294021606,0.2292969971895218
sub-03_FDSI_triangular-ramp5s_snr30dB,sub-03,triangular-ramp5s,30,9,35,0.9855072463768116,0.977458953857422,0.1866744458675384
sub-03_FDSI_triangular-ramp5s_snr25dB,sub-03,triangular-ramp5s,25,0,48,1.0,0.9570251703262328,0.1550248563289642
sub-03_FDSI_triangular-ramp5s_snr25dB,sub-03,triangular-ramp5s,25,1,40,1.0,0.9936503171920776,0.1753563284873962
sub-03_FDSI_triangular-ramp5s_snr25dB,sub-03,triangular-ramp5s,25,2,46,1.0,0.9823141694068908,0.1475763320922851
sub-03_FDSI_triangular-ramp5s_snr25dB,sub-03,triangular-ramp5s,25,3,44,1.0,0.981644570827484,0.1956416070461273
sub-03_FDSI_triangular-ramp5s_snr25dB,sub-03,triangular-ramp5s,25,4,51,1.0,0.9719801545143129,0.1563446521759033
sub-03_FDSI_triangular-ramp5s_snr25dB,sub-03,triangular-ramp5s,25,5,52,1.0,0.9785975217819214,0.2120923697948455
sub-03_FDSI_triangular-ramp5s_snr25dB,sub-03,triangular-ramp5s,25,6,49,1.0,0.9707070589065552,0.163042202591896
sub-03_FDSI_triangular-ramp5s_snr20dB,sub-03,triangular-ramp5s,20,0,52,1.0,0.969399094581604,0.2120923697948455
sub-03_FDSI_triangular-ramp5s_snr20dB,sub-03,triangular-ramp5s,20,1,49,1.0,0.9652071595191956,0.1627286523580551
sub-03_FDSI_triangular-ramp5s_snr20dB,sub-03,triangular-ramp5s,20,2,40,1.0,0.9916284680366516,0.1753563284873962
sub-03_FDSI_triangular-ramp5s_snr20dB,sub-03,triangular-ramp5s,20,3,44,1.0,0.9777705669403076,0.1956416070461273
sub-03_FDSI_triangular-ramp5s_snr20dB,sub-03,triangular-ramp5s,20,4,46,1.0,0.977064609527588,0.1475763320922851
sub-03_FDSI_triangular-ramp5s_snr20dB,sub-03,triangular-ramp5s,20,5,51,1.0,0.9721405506134032,0.1563446521759033
sub-03_FDSI_triangular-ramp5s_snr20dB,sub-03,triangular-ramp5s,20,6,48,0.9433962264150944,0.9583579897880554,0.2031000852584839
sub-03_FDSI_triangular-ramp5s_snr15dB,sub-03,triangular-ramp5s,15,0,52,0.9782608695652174,0.9673992395401,0.2307398319244384
sub-03_FDSI_triangular-ramp5s_snr15dB,sub-03,triangular-ramp5s,15,1,40,1.0,0.9849784970283508,0.1753563284873962
sub-03_FDSI_triangular-ramp5s_snr15dB,sub-03,triangular-ramp5s,15,2,51,0.9111111111111112,0.9554080367088318,0.3154925405979156
sub-03_FDSI_triangular-ramp5s_snr15dB,sub-03,triangular-ramp5s,15,3,46,0.9074074074074074,0.9641546607017516,0.2382800877094268
sub-04_FDSI_staircase_snr30dB,sub-04,staircase,30,0,50,1.0,0.9749615788459778,0.1904896199703216
sub-04_FDSI_staircase_snr30dB,sub-04,staircase,30,1,44,1.0,0.9793808460235596,0.142056331038475
sub-04_FDSI_staircase_snr30dB,sub-04,staircase,30,2,54,1.0,0.9692709445953368,0.1865592896938324
sub-04_FDSI_staircase_snr30dB,sub-04,staircase,30,3,41,1.0,0.990776300430298,0.1662285923957824
sub-04_FDSI_staircase_snr30dB,sub-04,staircase,30,4,53,1.0,0.9806034564971924,0.1543136090040207
sub-04_FDSI_staircase_snr30dB,sub-04,staircase,30,5,23,0.975,0.9638944268226624,0.2241507321596145
sub-04_FDSI_staircase_snr30dB,sub-04,staircase,30,6,51,1.0,0.9870870113372804,0.1603908538818359
sub-04_FDSI_staircase_snr30dB,sub-04,staircase,30,7,48,1.0,0.9876357316970824,0.1863633543252945
sub-04_FDSI_staircase_snr30dB,sub-04,staircase,30,8,47,0.9107142857142856,0.9670039415359496,0.2975702285766601
sub-04_FDSI_staircase_snr30dB,sub-04,staircase,30,9,37,0.9420289855072465,0.9668179154396056,0.261669397354126
sub-04_FDSI_staircase_snr30dB,sub-04,staircase,30,10,49,1.0,0.982069492340088,0.1780820786952972
sub-04_FDSI_staircase_snr30dB,sub-04,staircase,30,11,17,0.9012345679012346,0.9625584483146667,0.3543896675109863
sub-04_FDSI_staircase_snr30dB,sub-04,staircase,30,12,42,1.0,0.9788937568664552,0.1630819290876388
sub-04_FDSI_staircase_snr30dB,sub-04,staircase,30,13,33,0.9014084507042254,0.93526691198349,0.3457676768302917
sub-04_FDSI_staircase_snr25dB,sub-04,staircase,25,0,44,0.9666666666666668,0.9805923700332642,0.2397978752851486
sub-04_FDSI_staircase_snr25dB,sub-04,staircase,25,1,51,0.9814814814814816,0.9854192733764648,0.1897179782390594
sub-04_FDSI_staircase_snr25dB,sub-04,staircase,25,2,53,0.9387755102040816,0.972927749156952,0.2120954841375351
sub-04_FDSI_staircase_snr25dB,sub-04,staircase,25,3,41,1.0,0.9935662746429444,0.1662285923957824
sub-04_FDSI_staircase_snr25dB,sub-04,staircase,25,4,48,1.0,0.9828833341598512,0.1863633543252945
sub-04_FDSI_staircase_snr25dB,sub-04,staircase,25,5,54,1.0,0.9620916843414308,0.186216801404953
sub-04_FDSI_staircase_snr25dB,sub-04,staircase,25,6,50,0.9803921568627452,0.9731110334396362,0.2603445947170257
sub-04_FDSI_staircase_snr25dB,sub-04,staircase,25,7,47,0.912280701754386,0.9692440629005432,0.3320546746253967
sub-04_FDSI_staircase_snr25dB,sub-04,staircase,25,8,49,1.0,0.9746808409690856,0.1780820786952972
sub-04_FDSI_staircase_snr25dB,sub-04,staircase,25,9,42,1.0,0.9695071578025818,0.1627812832593917
sub-04_FDSI_staircase_snr20dB,sub-04,staircase,20,0,41,1.0,0.9931074380874634,0.1662285923957824
sub-04_FDSI_staircase_snr20dB,sub-04,staircase,20,1,48,0.9824561403508772,0.971926748752594,0.212518885731697
sub-04_FDSI_staircase_snr20dB,sub-04,staircase,20,2,42,0.9682539682539684,0.9501197338104248,0.1895925253629684
sub-04_FDSI_staircase_snr20dB,sub-04,staircase,20,3,49,0.9622641509433962,0.955306589603424,0.2316687405109405
sub-04_FDSI_staircase_snr15dB,sub-04,staircase,15,0,41,1.0,0.9876914024353028,0.1662285923957824
sub-04_FDSI_triangular-ramp40s_snr30dB,sub-04,triangular-ramp40s,30,0,42,1.0,0.9888848066329956,0.1772507727146148
sub-04_FDSI_triangular-ramp40s_snr30dB,sub-04,triangular-ramp40s,30,1,41,1.0,0.9965452551841736,0.1699748784303665
sub-04_FDSI_triangular-ramp40s_snr30dB,sub-04,triangular-ramp40s,30,2,33,0.9594594594594594,0.9705645442008972,0.1892057359218597
sub-04_FDSI_triangular-ramp40s_snr30dB,sub-04,triangular-ramp40s,30,3,50,1.0,0.9835994839668274,0.1651740968227386
sub-04_FDSI_triangular-ramp40s_snr30dB,sub-04,triangular-ramp40s,30,4,51,1.0,0.9750897288322448,0.1581313908100128
sub-04_FDSI_triangular-ramp40s_snr30dB,sub-04,triangular-ramp40s,30,5,49,1.0,0.9818258881568908,0.1670799255371093
sub-04_FDSI_triangular-ramp40s_snr30dB,sub-04,triangular-ramp40s,30,6,48,1.0,0.9849976897239684,0.1683219671249389
sub-04_FDSI_triangular-ramp40s_snr30dB,sub-04,triangular-ramp40s,30,7,44,1.0,0.9796260595321656,0.1701183021068573
sub-04_FDSI_triangular-ramp40s_snr30dB,sub-04,triangular-ramp40s,30,8,54,1.0,0.9814606308937072,0.1619211286306381
sub-04_FDSI_triangular-ramp40s_snr30dB,sub-04,triangular-ramp40s,30,9,17,0.927710843373494,0.9500444531440736,0.2619798481464386
sub-04_FDSI_triangular-ramp40s_snr30dB,sub-04,triangular-ramp40s,30,10,23,0.935897435897436,0.9693220853805542,0.3184517323970794
sub-04_FDSI_triangular-ramp40s_snr30dB,sub-04,triangular-ramp40s,30,11,47,0.9107142857142856,0.9391137361526488,0.2757732570171356
sub-04_FDSI_triangular-ramp40s_snr30dB,sub-04,triangular-ramp40s,30,12,53,0.9565217391304348,0.9602787494659424,0.1975159049034118
sub-04_FDSI_triangular-ramp40s_snr25dB,sub-04,triangular-ramp40s,25,0,42,1.0,0.9888827204704284,0.1772507727146148
sub-04_FDSI_triangular-ramp40s_snr25dB,sub-04,triangular-ramp40s,25,1,44,0.9672131147540984,0.963793396949768,0.2703094780445099
sub-04_FDSI_triangular-ramp40s_snr25dB,sub-04,triangular-ramp40s,25,2,50,1.0,0.9778797030448914,0.1651740968227386
sub-04_FDSI_triangular-ramp40s_snr25dB,sub-04,triangular-ramp40s,25,3,48,1.0,0.9763687252998352,0.1683219671249389
sub-04_FDSI_triangular-ramp40s_snr25dB,sub-04,triangular-ramp40s,25,4,49,0.9821428571428572,0.9756342768669128,0.2451512664556503
sub-04_FDSI_triangular-ramp40s_snr25dB,sub-04,triangular-ramp40s,25,5,41,1.0,0.9836365580558776,0.1699748784303665
sub-04_FDSI_triangular-ramp40s_snr25dB,sub-04,triangular-ramp40s,25,6,51,0.981132075471698,0.970366358757019,0.2389853447675705
sub-04_FDSI_triangular-ramp40s_snr20dB,sub-04,triangular-ramp40s,20,0,42,0.953846153846154,0.9741523861885072,0.2822606265544891
sub-04_FDSI_triangular-ramp40s_snr20dB,sub-04,triangular-ramp40s,20,1,41,1.0,0.9910557866096495,0.1699748784303665
sub-04_FDSI_triangular-ramp40s_snr20dB,sub-04,triangular-ramp40s,20,2,44,0.9193548387096774,0.9507469534873962,0.287648856639862
sub-04_FDSI_triangular-ramp40s_snr20dB,sub-04,triangular-ramp40s,20,3,48,0.9818181818181818,0.9751771688461304,0.2287545800209045
sub-04_FDSI_triangular-ramp40s_snr15dB,sub-04,triangular-ramp40s,15,0,41,1.0,0.9876627922058104,0.1699748784303665
sub-04_FDSI_triangular-ramp20s_snr30dB,sub-04,triangular-ramp20s,30,0,48,1.0,0.9899684190750122,0.1571742743253708
sub-04_FDSI_triangular-ramp20s_snr30dB,sub-04,triangular-ramp20s,30,1,51,1.0,0.9709601402282716,0.1611284613609314
sub-04_FDSI_triangular-ramp20s_snr30dB,sub-04,triangular-ramp20s,30,2,54,1.0,0.9797558188438416,0.1301004588603973
sub-04_FDSI_triangular-ramp20s_snr30dB,sub-04,triangular-ramp20s,30,3,50,1.0,0.9736279249191284,0.1579393595457077
sub-04_FDSI_triangular-ramp20s_snr30dB,sub-04,triangular-ramp20s,30,4,53,1.0,0.9780298471450806,0.1695919036865234
sub-04_FDSI_triangular-ramp20s_snr30dB,sub-04,triangular-ramp20s,30,5,42,1.0,0.9840157628059388,0.1678065806627273
sub-04_FDSI_triangular-ramp20s_snr30dB,sub-04,triangular-ramp20s,30,6,49,1.0,0.9828733205795288,0.1532262712717056
sub-04_FDSI_triangular-ramp20s_snr30dB,sub-04,triangular-ramp20s,30,7,37,0.9420289855072465,0.9589877128601074,0.316453754901886
sub-04_FDSI_triangular-ramp20s_snr30dB,sub-04,triangular-ramp20s,30,8,23,0.9625,0.9639437794685364,0.22608482837677
sub-04_FDSI_triangular-ramp20s_snr30dB,sub-04,triangular-ramp20s,30,9,41,1.0,0.9922336339950562,0.1750917732715606
sub-04_FDSI_triangular-ramp20s_snr30dB,sub-04,triangular-ramp20s,30,10,33,0.9178082191780822,0.975516676902771,0.3624103367328644
sub-04_FDSI_triangular-ramp20s_snr30dB,sub-04,triangular-ramp20s,30,11,17,0.9375,0.9598087072372437,0.2843761742115021
sub-04_FDSI_triangular-ramp20s_snr30dB,sub-04,triangular-ramp20s,30,12,44,0.9838709677419356,0.9661415219306946,0.149978369474411
sub-04_FDSI_triangular-ramp20s_snr25dB,sub-04,triangular-ramp20s,25,0,51,0.9803921568627452,0.9691710472106934,0.1804342567920684
sub-04_FDSI_triangular-ramp20s_snr25dB,sub-04,triangular-ramp20s,25,1,54,0.9333333333333332,0.9739223718643188,0.2287696897983551
sub-04_FDSI_triangular-ramp20s_snr25dB,sub-04,triangular-ramp20s,25,2,53,0.9375,0.9749345183372498,0.2889309227466583
sub-04_FDSI_triangular-ramp20s_snr25dB,sub-04,triangular-ramp20s,25,3,42,1.0,0.9719313979148864,0.1678065806627273
sub-04_FDSI_triangular-ramp20s_snr25dB,sub-04,triangular-ramp20s,25,4,48,1.0,0.9790005087852478,0.1571742743253708
sub-04_FDSI_triangular-ramp20s_snr25dB,sub-04,triangular-ramp20s,25,5,50,0.981132075471698,0.9787431955337524,0.1988247632980346
sub-04_FDSI_triangular-ramp20s_snr25dB,sub-04,triangular-ramp20s,25,6,49,1.0,0.9761518239974976,0.1532262712717056
sub-04_FDSI_triangular-ramp20s_snr25dB,sub-04,triangular-ramp20s,25,7,44,1.0,0.9735039472579956,0.1510606557130813
sub-04_FDSI_triangular-ramp20s_snr25dB,sub-04,triangular-ramp20s,25,8,41,1.0,0.9923586845397948,0.1750917732715606
sub-04_FDSI_triangular-ramp20s_snr20dB,sub-04,triangular-ramp20s,20,0,48,0.9827586206896552,0.9644901156425476,0.2267245948314666
sub-04_FDSI_triangular-ramp20s_snr20dB,sub-04,triangular-ramp20s,20,1,42,0.984126984126984,0.9577686190605164,0.2268606275320053
sub-04_FDSI_triangular-ramp20s_snr20dB,sub-04,triangular-ramp20s,20,2,41,1.0,0.9849895238876344,0.1750917732715606
sub-04_FDSI_triangular-ramp20s_snr15dB,sub-04,triangular-ramp20s,15,0,41,1.0,0.9810073375701904,0.1750917732715606
sub-04_FDSI_triangular-ramp10s_snr30dB,sub-04,triangular-ramp10s,30,0,49,1.0,0.9851076006889344,0.1916395425796508
sub-04_FDSI_triangular-ramp10s_snr30dB,sub-04,triangular-ramp10s,30,1,41,0.9846153846153848,0.9934154152870178,0.1587670296430587
sub-04_FDSI_triangular-ramp10s_snr30dB,sub-04,triangular-ramp10s,30,2,42,1.0,0.977352499961853,0.1690398752689361
sub-04_FDSI_triangular-ramp10s_snr30dB,sub-04,triangular-ramp10s,30,3,48,1.0,0.9869441986083984,0.1616500616073608
sub-04_FDSI_triangular-ramp10s_snr30dB,sub-04,triangular-ramp10s,30,4,47,0.9827586206896552,0.964656949043274,0.1358487010002136
sub-04_FDSI_triangular-ramp10s_snr30dB,sub-04,triangular-ramp10s,30,5,50,1.0,0.9860646724700928,0.138665497303009
sub-04_FDSI_triangular-ramp10s_snr30dB,sub-04,triangular-ramp10s,30,6,44,1.0,0.977074384689331,0.1937290281057357
sub-04_FDSI_triangular-ramp10s_snr30dB,sub-04,triangular-ramp10s,30,7,51,1.0,0.9789389371871948,0.1531728357076645
sub-04_FDSI_triangular-ramp10s_snr30dB,sub-04,triangular-ramp10s,30,8,17,0.9523809523809524,0.9725208878517152,0.228270798921585
sub-04_FDSI_triangular-ramp10s_snr30dB,sub-04,triangular-ramp10s,30,9,54,1.0,0.9737808108329772,0.1505896151065826
sub-04_FDSI_triangular-ramp10s_snr30dB,sub-04,triangular-ramp10s,30,10,33,0.9444444444444444,0.9716277718544006,0.2711759805679321
sub-04_FDSI_triangular-ramp10s_snr30dB,sub-04,triangular-ramp10s,30,11,53,0.9583333333333334,0.968509554862976,0.2479592412710189
sub-04_FDSI_triangular-ramp10s_snr30dB,sub-04,triangular-ramp10s,30,12,43,0.9076923076923076,0.9550042152404784,0.2869658470153808
sub-04_FDSI_triangular-ramp10s_snr30dB,sub-04,triangular-ramp10s,30,13,23,0.9090909090909092,0.9320442080497742,0.2924781441688537
sub-04_FDSI_triangular-ramp10s_snr25dB,sub-04,triangular-ramp10s,25,0,54,0.9130434782608696,0.9719548225402832,0.2730247974395752
sub-04_FDSI_triangular-ramp10s_snr25dB,sub-04,triangular-ramp10s,25,1,49,0.9824561403508772,0.9766281843185424,0.249497964978218
sub-04_FDSI_triangular-ramp10s_snr25dB,sub-04,triangular-ramp10s,25,2,48,0.9814814814814816,0.9797494411468506,0.2195978164672851
sub-04_FDSI_triangular-ramp10s_snr25dB,sub-04,triangular-ramp10s,25,3,42,1.0,0.9732526540756226,0.1690398752689361
sub-04_FDSI_triangular-ramp10s_snr25dB,sub-04,triangular-ramp10s,25,4,50,1.0,0.9748528599739076,0.138665497303009
sub-04_FDSI_triangular-ramp10s_snr25dB,sub-04,triangular-ramp10s,25,5,44,0.9838709677419356,0.974378228187561,0.2209001332521438
sub-04_FDSI_triangular-ramp10s_snr25dB,sub-04,triangular-ramp10s,25,6,41,0.9846153846153848,0.98805969953537,0.1587670296430587
sub-04_FDSI_triangular-ramp10s_snr25dB,sub-04,triangular-ramp10s,25,7,51,0.9803921568627452,0.9715449213981628,0.1869847774505615
sub-04_FDSI_triangular-ramp10s_snr20dB,sub-04,triangular-ramp10s,20,0,41,0.9846153846153848,0.9918130040168762,0.1587670296430587
sub-04_FDSI_triangular-ramp10s_snr20dB,sub-04,triangular-ramp10s,20,1,49,0.9473684210526316,0.972118079662323,0.286066323518753
sub-04_FDSI_triangular-ramp10s_snr20dB,sub-04,triangular-ramp10s,20,2,42,0.9692307692307692,0.9798912405967712,0.2476933300495147
sub-04_FDSI_triangular-ramp10s_snr20dB,sub-04,triangular-ramp10s,20,3,50,0.9423076923076924,0.9716355800628662,0.2663764357566833
sub-04_FDSI_triangular-ramp10s_snr20dB,sub-04,triangular-ramp10s,20,4,48,0.925925925925926,0.9591435194015504,0.2814662754535675
sub-04_FDSI_triangular-ramp10s_snr15dB,sub-04,triangular-ramp10s,15,0,41,0.9846153846153848,0.9918299913406372,0.1587670296430587
sub-04_FDSI_triangular-ramp5s_snr30dB,sub-04,triangular-ramp5s,30,0,48,1.0,0.9858869314193726,0.1650117933750152
sub-04_FDSI_triangular-ramp5s_snr30dB,sub-04,triangular-ramp5s,30,1,44,1.0,0.9782400727272034,0.1522713899612426
sub-04_FDSI_triangular-ramp5s_snr30dB,sub-04,triangular-ramp5s,30,2,49,1.0,0.9853633046150208,0.1565729677677154
sub-04_FDSI_triangular-ramp5s_snr30dB,sub-04,triangular-ramp5s,30,3,41,0.9848484848484848,0.9908540844917296,0.1703662425279617
sub-04_FDSI_triangular-ramp5s_snr30dB,sub-04,triangular-ramp5s,30,4,54,1.0,0.9736494421958924,0.2224777042865753
sub-04_FDSI_triangular-ramp5s_snr30dB,sub-04,triangular-ramp5s,30,5,42,1.0,0.9863184094429016,0.1969062685966491
sub-04_FDSI_triangular-ramp5s_snr30dB,sub-04,triangular-ramp5s,30,6,53,0.9791666666666666,0.9681650400161744,0.2235882431268692
sub-04_FDSI_triangular-ramp5s_snr30dB,sub-04,triangular-ramp5s,30,7,50,1.0,0.9845733046531676,0.1564063429832458
sub-04_FDSI_triangular-ramp5s_snr30dB,sub-04,triangular-ramp5s,30,8,47,0.9482758620689656,0.9637541174888612,0.2581599056720733
sub-04_FDSI_triangular-ramp5s_snr30dB,sub-04,triangular-ramp5s,30,9,23,1.0,0.9648383259773254,0.1642851829528808
sub-04_FDSI_triangular-ramp5s_snr30dB,sub-04,triangular-ramp5s,30,10,51,1.0,0.9818984270095824,0.1691439747810363
sub-04_FDSI_triangular-ramp5s_snr25dB,sub-04,triangular-ramp5s,25,0,42,1.0,0.982102870941162,0.1969062685966491
sub-04_FDSI_triangular-ramp5s_snr25dB,sub-04,triangular-ramp5s,25,1,48,1.0,0.980630099773407,0.1650117933750152
sub-04_FDSI_triangular-ramp5s_snr25dB,sub-04,triangular-ramp5s,25,2,44,1.0,0.977228045463562,0.1522713899612426
sub-04_FDSI_triangular-ramp5s_snr25dB,sub-04,triangular-ramp5s,25,3,54,0.9565217391304348,0.9506120681762696,0.2850371599197387
sub-04_FDSI_triangular-ramp5s_snr25dB,sub-04,triangular-ramp5s,25,4,41,0.9848484848484848,0.9843102097511292,0.1703662425279617
sub-04_FDSI_triangular-ramp5s_snr25dB,sub-04,triangular-ramp5s,25,5,50,1.0,0.98177832365036,0.1564063429832458
sub-04_FDSI_triangular-ramp5s_snr25dB,sub-04,triangular-ramp5s,25,6,53,0.9791666666666666,0.9650337100028992,0.2175968736410141
sub-04_FDSI_triangular-ramp5s_snr25dB,sub-04,triangular-ramp5s,25,7,49,1.0,0.9693079590797424,0.1565729677677154
sub-04_FDSI_triangular-ramp5s_snr25dB,sub-04,triangular-ramp5s,25,8,51,0.98,0.9773277044296264,0.2408011257648468
sub-04_FDSI_triangular-ramp5s_snr20dB,sub-04,triangular-ramp5s,20,0,41,0.9848484848484848,0.9910625219345092,0.1703662425279617
sub-04_FDSI_triangular-ramp5s_snr20dB,sub-04,triangular-ramp5s,20,1,48,0.9444444444444444,0.9720869660377502,0.2297246009111404
sub-04_FDSI_triangular-ramp5s_snr20dB,sub-04,triangular-ramp5s,20,2,42,0.9384615384615383,0.9719255566596984,0.2778564393520355
sub-04_FDSI_triangular-ramp5s_snr15dB,sub-04,triangular-ramp5s,15,0,41,0.9848484848484848,0.9862093329429626,0.1703662425279617
sub-05_FDSI_staircase_snr30dB,sub-05,staircase,30,0,35,1.0,0.981953501701355,0.1386999040842056
sub-05_FDSI_staircase_snr30dB,sub-05,staircase,30,1,31,1.0,0.9871342778205872,0.1689456105232238
sub-05_FDSI_staircase_snr30dB,sub-05,staircase,30,2,44,1.0,0.9860047698020936,0.1730378866195678
sub-05_FDSI_staircase_snr30dB,sub-05,staircase,30,3,42,1.0,0.970820426940918,0.1693747043609619
sub-05_FDSI_staircase_snr30dB,sub-05,staircase,30,4,43,1.0,0.9936050772666932,0.1672939509153366
sub-05_FDSI_staircase_snr30dB,sub-05,staircase,30,5,30,1.0,0.9812946915626526,0.1509601175785064
sub-05_FDSI_staircase_snr30dB,sub-05,staircase,30,6,40,1.0,0.9623767733573914,0.1545489430427551
sub-05_FDSI_staircase_snr30dB,sub-05,staircase,30,7,34,1.0,0.9726995229721068,0.2060687988996505
sub-05_FDSI_staircase_snr30dB,sub-05,staircase,30,8,41,1.0,0.9646114110946656,0.1611548662185669
sub-05_FDSI_staircase_snr30dB,sub-05,staircase,30,9,37,0.9322033898305084,0.9632303714752196,0.3142294585704803
sub-05_FDSI_staircase_snr30dB,sub-05,staircase,30,10,39,0.9824561403508772,0.9679234623908995,0.1733420044183731
sub-05_FDSI_staircase_snr30dB,sub-05,staircase,30,11,36,0.9672131147540984,0.9600936770439148,0.1993030309677124
sub-05_FDSI_staircase_snr30dB,sub-05,staircase,30,12,33,0.9076923076923076,0.9398207664489746,0.2943772971630096
sub-05_FDSI_staircase_snr30dB,sub-05,staircase,30,13,16,0.9615384615384616,0.971385896205902,0.2544193565845489
sub-05_FDSI_staircase_snr25dB,sub-05,staircase,25,0,35,1.0,0.968631148338318,0.1386999040842056
sub-05_FDSI_staircase_snr25dB,sub-05,staircase,25,1,31,1.0,0.982056438922882,0.1689456105232238
sub-05_FDSI_staircase_snr25dB,sub-05,staircase,25,2,44,1.0,0.980988383293152,0.1730378866195678
sub-05_FDSI_staircase_snr25dB,sub-05,staircase,25,3,42,0.9591836734693876,0.9701813459396362,0.2680836319923401
sub-05_FDSI_staircase_snr25dB,sub-05,staircase,25,4,43,1.0,0.988184094429016,0.1672939509153366
sub-05_FDSI_staircase_snr25dB,sub-05,staircase,25,5,40,0.981132075471698,0.9743756055831908,0.2255012989044189
sub-05_FDSI_staircase_snr25dB,sub-05,staircase,25,6,36,0.9016393442622952,0.9647427201271056,0.3410463333129883
sub-05_FDSI_staircase_snr25dB,sub-05,staircase,25,7,16,0.9871794871794872,0.9614996314048768,0.180875077843666
sub-05_FDSI_staircase_snr25dB,sub-05,staircase,25,8,30,0.9701492537313432,0.963430404663086,0.2085261344909668
sub-05_FDSI_staircase_snr20dB,sub-05,staircase,20,0,31,1.0,0.976974606513977,0.1689456105232238
sub-05_FDSI_staircase_snr20dB,sub-05,staircase,20,1,43,1.0,0.9791212677955629,0.1672939509153366
sub-05_FDSI_staircase_snr20dB,sub-05,staircase,20,2,44,1.0,0.975924551486969,0.1730378866195678
sub-05_FDSI_staircase_snr15dB,sub-05,staircase,15,0,31,0.9402985074626866,0.9697075486183168,0.23275887966156
sub-05_FDSI_staircase_snr15dB,sub-05,staircase,15,1,43,0.9791666666666666,0.9647004008293152,0.1990664005279541
sub-05_FDSI_staircase_snr15dB,sub-05,staircase,15,2,44,0.9782608695652174,0.9799232482910156,0.2409356087446212
sub-05_FDSI_triangular-ramp40s_snr30dB,sub-05,triangular-ramp40s,30,0,44,1.0,0.9863508343696594,0.1662031412124633
sub-05_FDSI_triangular-ramp40s_snr30dB,sub-05,triangular-ramp40s,30,1,41,1.0,0.97022145986557,0.1653860658407211
sub-05_FDSI_triangular-ramp40s_snr30dB,sub-05,triangular-ramp40s,30,2,43,1.0,0.9771356582641602,0.2053835988044738
sub-05_FDSI_triangular-ramp40s_snr30dB,sub-05,triangular-ramp40s,30,3,35,1.0,0.984155774116516,0.1657972633838653
sub-05_FDSI_triangular-ramp40s_snr30dB,sub-05,triangular-ramp40s,30,4,31,1.0,0.9800952672958374,0.1565044671297073
sub-05_FDSI_triangular-ramp40s_snr30dB,sub-05,triangular-ramp40s,30,5,16,1.0,0.970612406730652,0.1773497909307479
sub-05_FDSI_triangular-ramp40s_snr30dB,sub-05,triangular-ramp40s,30,6,40,1.0,0.982816219329834,0.1405765861272812
sub-05_FDSI_triangular-ramp40s_snr30dB,sub-05,triangular-ramp40s,30,7,39,1.0,0.9808774590492249,0.1886038929224014
sub-05_FDSI_triangular-ramp40s_snr30dB,sub-05,triangular-ramp40s,30,8,33,0.9206349206349206,0.9699832797050476,0.3227581977844238
sub-05_FDSI_triangular-ramp40s_snr30dB,sub-05,triangular-ramp40s,30,9,42,1.0,0.9583898186683656,0.1578366458415985
sub-05_FDSI_triangular-ramp40s_snr30dB,sub-05,triangular-ramp40s,30,10,30,1.0,0.9747942090034484,0.1779791563749313
sub-05_FDSI_triangular-ramp40s_snr30dB,sub-05,triangular-ramp40s,30,11,36,0.9672131147540984,0.9722941517829896,0.2121959030628204
sub-05_FDSI_triangular-ramp40s_snr30dB,sub-05,triangular-ramp40s,30,12,34,0.9,0.9529796242713928,0.3181161284446716
sub-05_FDSI_triangular-ramp40s_snr25dB,sub-05,triangular-ramp40s,25,0,44,1.0,0.9817363619804382,0.1662031412124633
sub-05_FDSI_triangular-ramp40s_snr25dB,sub-05,triangular-ramp40s,25,1,35,1.0,0.9729629755020142,0.1657972633838653
sub-05_FDSI_triangular-ramp40s_snr25dB,sub-05,triangular-ramp40s,25,2,30,1.0,0.961576282978058,0.1779791563749313
sub-05_FDSI_triangular-ramp40s_snr25dB,sub-05,triangular-ramp40s,25,3,31,1.0,0.9870907068252563,0.1565044671297073
sub-05_FDSI_triangular-ramp40s_snr25dB,sub-05,triangular-ramp40s,25,4,40,0.9818181818181818,0.9657878279685974,0.1988328695297241
sub-05_FDSI_triangular-ramp40s_snr25dB,sub-05,triangular-ramp40s,25,5,41,0.9411764705882352,0.9524707198143004,0.296296626329422
sub-05_FDSI_triangular-ramp40s_snr25dB,sub-05,triangular-ramp40s,25,6,43,1.0,0.9864682555198668,0.2053835988044738
sub-05_FDSI_triangular-ramp40s_snr25dB,sub-05,triangular-ramp40s,25,7,36,0.9344262295081968,0.9703683257102966,0.2742250859737396
sub-05_FDSI_triangular-ramp40s_snr25dB,sub-05,triangular-ramp40s,25,8,39,0.9272727272727272,0.9712815880775452,0.4623556435108185
sub-05_FDSI_triangular-ramp40s_snr25dB,sub-05,triangular-ramp40s,25,9,16,0.9753086419753086,0.95197594165802,0.2266533821821212
sub-05_FDSI_triangular-ramp40s_snr20dB,sub-05,triangular-ramp40s,20,0,31,0.9705882352941176,0.9682019352912904,0.2476325333118438
sub-05_FDSI_triangular-ramp40s_snr20dB,sub-05,triangular-ramp40s,20,1,43,1.0,0.9705776572227478,0.2053835988044738
sub-05_FDSI_triangular-ramp40s_snr20dB,sub-05,triangular-ramp40s,20,2,44,1.0,0.9736308455467224,0.1662031412124633
sub-05_FDSI_triangular-ramp40s_snr15dB,sub-05,triangular-ramp40s,15,0,43,0.979591836734694,0.9604835510253906,0.2668261528015136
sub-05_FDSI_triangular-ramp40s_snr15dB,sub-05,triangular-ramp40s,15,1,44,1.0,0.9665879607200624,0.1662031412124633
sub-05_FDSI_triangular-ramp20s_snr30dB,sub-05,triangular-ramp20s,30,0,39,0.9636363636363636,0.971663534641266,0.2226929366588592
sub-05_FDSI_triangular-ramp20s_snr30dB,sub-05,triangular-ramp20s,30,1,35,1.0,0.9750322699546814,0.1659240573644638
sub-05_FDSI_triangular-ramp20s_snr30dB,sub-05,triangular-ramp20s,30,2,30,1.0,0.9810572266578674,0.1619567275047302
sub-05_FDSI_triangular-ramp20s_snr30dB,sub-05,triangular-ramp20s,30,3,29,0.9315068493150684,0.9605035185813904,0.2408680468797683
sub-05_FDSI_triangular-ramp20s_snr30dB,sub-05,triangular-ramp20s,30,4,16,0.9761904761904762,0.9784613251686096,0.2671226859092712
sub-05_FDSI_triangular-ramp20s_snr30dB,sub-05,triangular-ramp20s,30,5,36,1.0,0.9655277132987976,0.157680481672287
sub-05_FDSI_triangular-ramp20s_snr30dB,sub-05,triangular-ramp20s,30,6,40,1.0,0.98428213596344,0.1542144417762756
sub-05_FDSI_triangular-ramp20s_snr30dB,sub-05,triangular-ramp20s,30,7,31,1.0,0.9850733280181884,0.1614702641963958
sub-05_FDSI_triangular-ramp20s_snr30dB,sub-05,triangular-ramp20s,30,8,43,1.0,0.9881847500801086,0.1793711930513382
sub-05_FDSI_triangular-ramp20s_snr30dB,sub-05,triangular-ramp20s,30,9,41,1.0,0.9790148735046388,0.1843141019344329
sub-05_FDSI_triangular-ramp20s_snr30dB,sub-05,triangular-ramp20s,30,10,42,1.0,0.9642845392227172,0.1546925604343414
sub-05_FDSI_triangular-ramp20s_snr30dB,sub-05,triangular-ramp20s,30,11,37,0.9830508474576272,0.9651763439178468,0.2107555121183395
sub-05_FDSI_triangular-ramp20s_snr30dB,sub-05,triangular-ramp20s,30,12,33,0.9375,0.9484858512878418,0.2800247967243194
sub-05_FDSI_triangular-ramp20s_snr30dB,sub-05,triangular-ramp20s,30,13,44,1.0,0.980774223804474,0.1371793448925018
sub-05_FDSI_triangular-ramp20s_snr30dB,sub-05,triangular-ramp20s,30,14,34,0.9672131147540984,0.9566521048545836,0.217814415693283
sub-05_FDSI_triangular-ramp20s_snr25dB,sub-05,triangular-ramp20s,25,0,41,1.0,0.9771417379379272,0.1843141019344329
sub-05_FDSI_triangular-ramp20s_snr25dB,sub-05,triangular-ramp20s,25,1,30,1.0,0.975492537021637,0.1619567275047302
sub-05_FDSI_triangular-ramp20s_snr25dB,sub-05,triangular-ramp20s,25,2,44,1.0,0.979743719100952,0.1371793448925018
sub-05_FDSI_triangular-ramp20s_snr25dB,sub-05,triangular-ramp20s,25,3,39,0.9090909090909092,0.973360002040863,0.3603262305259704
sub-05_FDSI_triangular-ramp20s_snr25dB,sub-05,triangular-ramp20s,25,4,31,0.9850746268656716,0.9842333197593688,0.1999784857034683
sub-05_FDSI_triangular-ramp20s_snr25dB,sub-05,triangular-ramp20s,25,5,34,0.9344262295081968,0.9750134944915771,0.2451223880052566
sub-05_FDSI_triangular-ramp20s_snr25dB,sub-05,triangular-ramp20s,25,6,43,1.0,0.983232855796814,0.1793711930513382
sub-05_FDSI_triangular-ramp20s_snr25dB,sub-05,triangular-ramp20s,25,7,40,0.9622641509433962,0.9690185189247132,0.2310668677091598
sub-05_FDSI_triangular-ramp20s_snr25dB,sub-05,triangular-ramp20s,25,8,35,0.984126984126984,0.9683696031570436,0.1610530763864517
sub-05_FDSI_triangular-ramp20s_snr25dB,sub-05,triangular-ramp20s,25,9,16,0.9523809523809524,0.961079716682434,0.2777322828769684
sub-05_FDSI_triangular-ramp20s_snr20dB,sub-05,triangular-ramp20s,20,0,43,1.0,0.9749939441680908,0.1793711930513382
sub-05_FDSI_triangular-ramp20s_snr20dB,sub-05,triangular-ramp20s,20,1,44,1.0,0.977496325969696,0.1371793448925018
sub-05_FDSI_triangular-ramp20s_snr20dB,sub-05,triangular-ramp20s,20,2,31,0.9850746268656716,0.9728898406028748,0.2222657948732376
sub-05_FDSI_triangular-ramp20s_snr15dB,sub-05,triangular-ramp20s,15,0,44,1.0,0.9579257965087892,0.1371793448925018
sub-05_FDSI_triangular-ramp20s_snr15dB,sub-05,triangular-ramp20s,15,1,43,0.9787234042553192,0.9660208225250244,0.2914457023143768
sub-05_FDSI_triangular-ramp10s_snr30dB,sub-05,triangular-ramp10s,30,0,43,1.0,0.9875892400741576,0.1820510476827621
sub-05_FDSI_triangular-ramp10s_snr30dB,sub-05,triangular-ramp10s,30,1,44,1.0,0.987782657146454,0.1719193458557129
sub-05_FDSI_triangular-ramp10s_snr30dB,sub-05,triangular-ramp10s,30,2,42,1.0,0.9773561954498292,0.1845399737358093
sub-05_FDSI_triangular-ramp10s_snr30dB,sub-05,triangular-ramp10s,30,3,30,1.0,0.9821317195892334,0.1532710790634155
sub-05_FDSI_triangular-ramp10s_snr30dB,sub-05,triangular-ramp10s,30,4,40,1.0,0.9799689650535583,0.1796286106109619
sub-05_FDSI_triangular-ramp10s_snr30dB,sub-05,triangular-ramp10s,30,5,31,0.9852941176470588,0.9856120944023132,0.1614975333213806
sub-05_FDSI_triangular-ramp10s_snr30dB,sub-05,triangular-ramp10s,30,6,41,1.0,0.9744871854782104,0.1823320388793945
sub-05_FDSI_triangular-ramp10s_snr30dB,sub-05,triangular-ramp10s,30,7,36,0.9508196721311476,0.971238136291504,0.2404343634843826
sub-05_FDSI_triangular-ramp10s_snr30dB,sub-05,triangular-ramp10s,30,8,34,0.984126984126984,0.9554316401481628,0.1899558305740356
sub-05_FDSI_triangular-ramp10s_snr30dB,sub-05,triangular-ramp10s,30,9,35,1.0,0.9760653376579284,0.1541136354207992
sub-05_FDSI_triangular-ramp10s_snr30dB,sub-05,triangular-ramp10s,30,10,39,1.0,0.9773945808410645,0.1806482076644897
sub-05_FDSI_triangular-ramp10s_snr30dB,sub-05,triangular-ramp10s,30,11,33,0.9846153846153848,0.952263355255127,0.205108642578125
sub-05_FDSI_triangular-ramp10s_snr30dB,sub-05,triangular-ramp10s,30,12,16,1.0,0.9733186960220336,0.1678278893232345
sub-05_FDSI_triangular-ramp10s_snr25dB,sub-05,triangular-ramp10s,25,0,43,1.0,0.985632300376892,0.1820510476827621
sub-05_FDSI_triangular-ramp10s_snr25dB,sub-05,triangular-ramp10s,25,1,35,0.9838709677419356,0.9759209156036376,0.214284285902977
sub-05_FDSI_triangular-ramp10s_snr25dB,sub-05,triangular-ramp10s,25,2,30,1.0,0.9739330410957336,0.1532710790634155
sub-05_FDSI_triangular-ramp10s_snr25dB,sub-05,triangular-ramp10s,25,3,44,1.0,0.9824348092079164,0.1719193458557129
sub-05_FDSI_triangular-ramp10s_snr25dB,sub-05,triangular-ramp10s,25,4,40,1.0,0.978693425655365,0.1796286106109619
sub-05_FDSI_triangular-ramp10s_snr25dB,sub-05,triangular-ramp10s,25,5,39,0.9272727272727272,0.9702022075653076,0.305058479309082
sub-05_FDSI_triangular-ramp10s_snr25dB,sub-05,triangular-ramp10s,25,6,41,0.9615384615384616,0.9667835831642152,0.2399024963378906
sub-05_FDSI_triangular-ramp10s_snr25dB,sub-05,triangular-ramp10s,25,7,31,0.9852941176470588,0.9750780463218688,0.1614975333213806
sub-05_FDSI_triangular-ramp10s_snr20dB,sub-05,triangular-ramp10s,20,0,43,1.0,0.9724887013435364,0.1820510476827621
sub-05_FDSI_triangular-ramp10s_snr20dB,sub-05,triangular-ramp10s,20,1,44,1.0,0.9671844244003296,0.1719193458557129
sub-05_FDSI_triangular-ramp10s_snr20dB,sub-05,triangular-ramp10s,20,2,31,0.9264705882352942,0.9594699144363404,0.2932639122009277
sub-05_FDSI_triangular-ramp10s_snr15dB,sub-05,triangular-ramp10s,15,0,44,0.9565217391304348,0.9721889495849608,0.2734857201576233
sub-05_FDSI_triangular-ramp10s_snr15dB,sub-05,triangular-ramp10s,15,1,43,0.9375,0.9743222594261168,0.2618510127067566
sub-05_FDSI_triangular-ramp10s_snr15dB,sub-05,triangular-ramp10s,15,2,31,0.9411764705882352,0.9533436894416808,0.2703987658023834
sub-05_FDSI_triangular-ramp5s_snr30dB,sub-05,triangular-ramp5s,30,0,44,1.0,0.988589644432068,0.152333378791809
sub-05_FDSI_triangular-ramp5s_snr30dB,sub-05,triangular-ramp5s,30,1,30,1.0,0.9847952127456664,0.1713356971740722
sub-05_FDSI_triangular-ramp5s_snr30dB,sub-05,triangular-ramp5s,30,2,43,1.0,0.9892538189888,0.1447301506996154
sub-05_FDSI_triangular-ramp5s_snr30dB,sub-05,triangular-ramp5s,30,3,41,1.0,0.97897469997406,0.1565427184104919
sub-05_FDSI_triangular-ramp5s_snr30dB,sub-05,triangular-ramp5s,30,4,31,1.0,0.9773603677749634,0.2129847109317779
sub-05_FDSI_triangular-ramp5s_snr30dB,sub-05,triangular-ramp5s,30,5,36,1.0,0.9838684797286988,0.1656388938426971
sub-05_FDSI_triangular-ramp5s_snr30dB,sub-05,triangular-ramp5s,30,6,35,1.0,0.9806426763534546,0.1708849966526031
sub-05_FDSI_triangular-ramp5s_snr30dB,sub-05,triangular-ramp5s,30,7,34,0.9846153846153848,0.9685914516448976,0.1503598541021347
sub-05_FDSI_triangular-ramp5s_snr30dB,sub-05,triangular-ramp5s,30,8,42,1.0,0.974005162715912,0.1737951636314392
sub-05_FDSI_triangular-ramp5s_snr30dB,sub-05,triangular-ramp5s,30,9,16,0.9876543209876544,0.9738498330116272,0.20331671833992
sub-05_FDSI_triangular-ramp5s_snr30dB,sub-05,triangular-ramp5s,30,10,40,1.0,0.9711822271347046,0.1665209829807281
sub-05_FDSI_triangular-ramp5s_snr30dB,sub-05,triangular-ramp5s,30,11,33,0.9696969696969696,0.956183135509491,0.2372750043869018
sub-05_FDSI_triangular-ramp5s_snr30dB,sub-05,triangular-ramp5s,30,12,29,0.9142857142857144,0.9679356813430786,0.272514671087265
sub-05_FDSI_triangular-ramp5s_snr25dB,sub-05,triangular-ramp5s,25,0,43,1.0,0.9811354875564576,0.1447301506996154
sub-05_FDSI_triangular-ramp5s_snr25dB,sub-05,triangular-ramp5s,25,1,44,1.0,0.9838495254516602,0.152333378791809
sub-05_FDSI_triangular-ramp5s_snr25dB,sub-05,triangular-ramp5s,25,2,41,0.98,0.9728257060050964,0.2193913757801056
sub-05_FDSI_triangular-ramp5s_snr25dB,sub-05,triangular-ramp5s,25,3,40,0.9814814814814816,0.9755832552909852,0.2063940614461898
sub-05_FDSI_triangular-ramp5s_snr25dB,sub-05,triangular-ramp5s,25,4,42,0.9387755102040816,0.9719666242599488,0.2978211045265198
sub-05_FDSI_triangular-ramp5s_snr25dB,sub-05,triangular-ramp5s,25,5,16,0.9506172839506172,0.9642758965492249,0.257167249917984
sub-05_FDSI_triangular-ramp5s_snr25dB,sub-05,triangular-ramp5s,25,6,31,0.9558823529411764,0.9525256156921388,0.310385912656784
sub-05_FDSI_triangular-ramp5s_snr25dB,sub-05,triangular-ramp5s,25,7,36,0.9333333333333332,0.9594036936759948,0.2528528869152069
sub-05_FDSI_triangular-ramp5s_snr25dB,sub-05,triangular-ramp5s,25,8,35,1.0,0.9663844704627992,0.1708849966526031
sub-05_FDSI_triangular-ramp5s_snr25dB,sub-05,triangular-ramp5s,25,9,30,0.9710144927536232,0.959583580493927,0.2593494951725006
sub-05_FDSI_triangular-ramp5s_snr20dB,sub-05,triangular-ramp5s,20,0,31,0.9705882352941176,0.9825338125228882,0.2654705643653869
sub-05_FDSI_triangular-ramp5s_snr20dB,sub-05,triangular-ramp5s,20,1,43,1.0,0.9759618043899536,0.1447301506996154
sub-05_FDSI_triangular-ramp5s_snr20dB,sub-05,triangular-ramp5s,20,2,44,1.0,0.9807096123695374,0.152333378791809
sub-05_FDSI_triangular-ramp5s_snr20dB,sub-05,triangular-ramp5s,20,3,41,0.9215686274509804,0.9672411680221558,0.2850932776927948
sub-05_FDSI_triangular-ramp5s_snr15dB,sub-05,triangular-ramp5s,15,0,43,0.9090909090909092,0.9603185653686525,0.3416495621204376
sub-05_FDSI_triangular-ramp5s_snr15dB,sub-05,triangular-ramp5s,15,1,44,1.0,0.9707003235816956,0.152333378791809
